Appliances,lights,T1,T2,T3,RH_1,RH_2,RH_3
continuous,continuous,continuous,continuous,continuous,continuous,continuous,continuous
,,,,,,,
50,0,20.2,17.7,21,38.29,41.09,37.2
40,0,21,18.39,22,40.45,44.09,38.29
100,0,21.4633,20,20.12,33.6633,33.9333,35.572
50,0,20.7,18.79,20.73,35,35.7,36.4
50,0,21.5,19.1,23.1333,40.29,42.79,39.09
110,0,24.1,23.29,23.6,33.9,32.23,34.9
100,20,22.8567,21,21.6,31.8267,32,33.6267
20,0,17.29,16.3567,17.7,43.2,43.29,41.2
90,10,22.7,20.79,22.79,41.5,42.9333,39.59
30,0,20.1,19.1,20.3567,43.7,43.8633,44.5
60,0,22.5,25.3567,23.2,38.56,31.8233,37.59
50,0,21.76,19.895,21.15,34.3083,34.745,34.83
50,0,22.89,20.89,24.7,41.5,43.3686,40.03
250,0,24.5333,28.2386,24.89,33.9967,27.9229,36.5
60,0,21.29,20.26,20.7,36.9667,35.8333,37.29
20,0,18.0667,17.1,19.1667,43.4,44.2,42.06
100,30,21.79,20.5667,21.6,43.4333,44.2,42.4
50,0,20.39,18.5571,20.6,37.9,39.0257,38
100,30,22.39,22,22,45.7667,43.8633,45.9
40,0,19.79,19.0333,20.39,45.2,44.59,44.06
50,0,20.5,17.1333,20.89,40,46.2,38.2
50,10,20.79,17.89,20.1,36.7,40.06,36.59
100,0,24.89,27.85,24.89,32.9967,26.66,36.4
30,0,19.6667,18.89,20.3567,45.06,44.6267,43.8633
60,0,25,23.68,26.29,48,48.178,43.79
90,30,20.39,18.1,20.7,39,41.0267,36.36
70,20,22.89,21.89,24.39,44.59,44.7,40.03
50,0,22.79,20.29,24.79,39.56,42.09,37.5
60,0,22.89,21.4267,23.4633,42.2,42.1633,39.4
50,0,21.1,18.79,21.1,36.6933,37.89,35.09
150,0,22.89,21.39,24.26,43.99,43.59,38.8633
50,0,19.89,19.39,20,35.56,34.4333,35.5
300,0,20.79,20.1,21.6967,44.09,42.73,44.7633
710,0,21.1333,20.9267,21.5,38.4667,36.06,36.4633
100,10,22.5,21.6,23,41.4333,42.1,39.09
790,0,23,25.53,24.39,50.26,43.1333,44.49
40,0,19.89,19.2,20.4267,45.4,45.03,44.23
110,0,22.89,20.79,22.5,34.79,35.2,35.03
230,30,21,19.79,23.5667,39.16,37.4,40.5267
60,0,24.89,22.6333,25.79,44.6267,45.6633,42.29
40,0,20.89,19.5,21.79,43.59,44.56,42.2
40,0,20,19.39,19.9633,43.76,43.2,44.59
100,0,20.9267,19.6333,21.2,34.7,34.7667,34.0267
70,20,22.39,21.23,22.8233,38.73,38.79,37.9333
150,20,20.7,19.4633,21.39,44.79,45.59,42
90,0,21.89,21.2,24.4933,35.6333,34.2567,35.3933
50,0,23.39,22.06,24.6,44.9,44.754,41.4333
80,0,22.29,21.8567,22.7,44,43.09,41.4333
80,0,20.89,19.6333,21.5,45.09,45.53,42.5
80,0,19.6,17.8233,20.1,36.6633,37.6567,35.8267
50,0,20.89,19.1667,20,35.79,36.4,37.518
50,0,21.5,24.6333,22.5,36.59,31.5667,34.79
70,10,21.79,19.5,22.7,39.4667,42.2,37.56
150,10,21.2,20.89,21,43.8267,41.6633,42.4
50,0,22,19.5,22.29,38.8633,41.29,38.8633
50,0,19.5,17.79,20.8614,37.2,38.7,37.0643
110,0,20.5667,19.495,20.7,41.4333,42.3,39.0257
90,10,21.7,21.29,22.39,36,33.8333,34.8633
90,10,22.1,21.5667,22.5333,42.3633,39.36,43.7667
40,0,20.3233,17.5,20.1,36.79,39.73,37.1267
120,20,21.5,19.2,21.1,41.59,45.4667,39.5
50,0,19.23,18.5,19.79,46.8267,46.7,45.29
50,0,18.79,18.1,19.6,46.59,46.59,45
40,0,19.39,18.6,19.89,46.4,46.29,45.29
40,10,20.23,18,21.1,39.3267,41.23,40.79
40,0,21.5,20.89,22.6,46,43.9333,45.09
60,0,22.89,22.23,21.7,43.2,42.59,44.9
40,10,21.5,19.89,21.29,44.5267,44.93,41.2
30,0,21.1,20.29,21.79,43.9,43.59,44
100,0,21.1,18.6,20.3233,38.76,41.1267,37.9333
50,0,20,17.5,21,38.2,41,37.29
30,0,22.39,19.6333,22.79,35.3267,37.06,35.6267
50,10,19.89,18.1,20.2,41.2,42,40.7
50,0,21,18.5,21.79,39.1633,43.1633,37.4
420,10,16.79,16.1,17.2,45.2667,45.3267,42.53
160,0,21,19.39,21.1667,35.03,35.2,34.09
50,0,21.29,18.7,23.29,38.3633,41.1333,36.1633
50,0,20.79,19.5,21.8614,43.59,44.7,42.2257
370,0,20.79,18,21.6,36.73,39.79,35.29
60,0,25.39,24.315,26.3567,49.1633,48.7225,45
30,10,21.7,20.79,21.7,46.9333,46.7,46.5
70,0,21.8233,20.1,22.6,36.4,37.925,34.2
60,0,23.4633,26.9267,24.272,40.3633,32.6667,37.536
50,0,22.2,19.625,24.7,43.79,47.5,41
50,0,23.2,25.1333,24.29,41.7,36.06,38.79
60,10,23.3233,21.772,24.29,38.29,37.718,36.09
60,0,22,20.9267,23.39,41.7,42.2,38.29
100,30,23.6,22.18,24.29,37.59,37.09,35.5643
40,0,18.89,18.2,19.8567,42.2,41.29,43.29
60,20,21.29,18.5333,22,39.9333,43.79,38.29
90,0,25,25.1333,26.2,36.03,32.6667,36.4
50,0,24.89,23.9633,25.39,38.8633,37.6267,37.59
50,0,21.0333,20.26,21.89,39.53,40.29,37.5
50,0,21.7,23.76,22.5,39.29,35.5667,36.79
30,10,19.79,17.89,20.29,35.9,36.3267,36.03
60,0,20.6,18.79,21.39,40.2,41.53,40.8633
50,30,23.1667,22.23,23.29,45.09,44.09,45.1633
90,10,21.7,19.1,20.3233,36.2,39.09,36.5
100,0,25.2,24.4371,26,48.4,47.5386,43.96
60,0,20.8233,19.9175,20.79,41.9333,41.7,44.59
50,0,23.39,22.4633,21.5,40.06,39.6633,43.06
40,0,21.1,19.1,20.9529,36.2129,37.59,38.4714
110,10,19.8233,19.5,19.6,44.5,43.8267,43.73
120,0,22.89,21.3233,24.29,43.6567,43.59,38.9
70,0,21,17.7,22.6,35.4,39.59,35.1633
490,0,24.9267,23.6,23.4633,32.1267,30.7257,30.5633
70,10,23.8233,22.5,23.6,34.59,33.9667,35.29
60,0,22.1,20.1571,20.7675,36.8057,37.2257,37.9
190,20,19.2,17.79,19,39.53,40.245,39.6633
140,0,22.7,21.89,22.5611,42.73,42.1333,43.8817
130,0,23.2,22.89,23.29,37.9667,35.7,36.59
80,0,20.6,18.79,21.6333,43.26,44.76,42.2667
50,0,22.1333,19.6,24.7,43.79,47.5,41
60,0,21.79,23.89,22.1,37.1267,31.89,37.2
170,0,19.6,18.3233,19.7,36.8633,36.5267,36.7514
50,0,24.79,23.4814,26.02,47.03,48.5543,43.4
90,0,22.2,23.79,23.1,39.09,35.1633,37.7
50,0,19.2,18.5,19.89,43.76,43.775,45
60,0,21.29,18.4267,22.2,39.1633,43.4,37.8633
40,0,19.1,17.6667,19.6,39.09,39.56,40.5
120,10,19.39,16.89,19.79,36.7,39.9,36.6267
50,0,20.6,19.79,20.6,43.9,43.4667,44.29
180,20,21.5,20.6333,21.5,46.3,44.8267,43.2
90,0,20.89,19.6,22.3043,38.7257,38.1371,38.71
60,20,22.79,21.89,23.29,45.4,44.6175,45.4
170,0,21.7,19.79,20.39,36.2,36.7233,35.7
100,0,22.29,20.1,22.2,36.2,38.2,35
60,0,22.89,20.4633,23.5,34.59,36,36.79
70,0,22.7,21.73,24.1,39.23,37.7,36.4333
190,10,22.2,19.89,25,44.7967,48.1633,40.4933
70,0,21.39,17.79,22.39,38.09,43,37
100,10,22.7,19.5,22.9633,40.09,42.5667,34.86
290,20,21,19.2,20.5,41.79,42.5,42
280,10,26.2,25.5667,28.6286,41.0967,37.1333,36.0114
290,0,23.7,22.456,24.39,43.6633,42.79,40
80,0,24.5,25.39,24,34.9333,30.89,35.4333
100,0,24.79,24.89,24.4633,38.3233,33.9,36.2967
40,0,21.84,18.79,24.1333,41.045,46.4667,39.29
120,20,21.7,20.0667,21.79,45.9,45.8633,42.7
50,0,25.2,23.79,26.7675,43.29,43.6633,40
90,10,22.3567,20.4542,21,45.63,42.3417,40.73
60,0,22.1,19.29,22.29,38.7,42.4,38
30,0,19.6,18.1333,19.79,41.09,41.7,40.59
120,0,25.5,25.73,25.39,37.16,33.0667,36.09
50,0,25.1,23.29,26.6,48.4,49.834,44.5
40,0,21.6,20.89,23.1,42.59,41.5,43.045
60,30,21.79,20.26,21.39,38.29,39,38
70,0,21,17.76,22.6,35.29,39.4,35.09
40,0,19,18.3567,19.79,47.4,47.1633,45.5
40,0,24.39,24.1667,25.7,46.6633,44.9333,42.5
40,0,19.5333,18.79,19.89,44.9333,44.2,44.6267
90,20,22.1,20.5,21.5,37.59,37.9333,38.56
20,0,18.89,18,19.7,43.79,44.1267,43.5
90,20,21.89,20.26,20.6333,37.3267,38.1267,38.4
80,0,21.39,18.89,22.39,39,42.56,37.8267
50,0,21.89,19.26,24.6,38.09,41.29,37.29
90,0,21.89,19.9267,22.2,38.2967,37.9333,35.26
20,0,19.29,18.1,19.1,40.1267,40.53,39.59
50,0,20,18.0333,19.6,33.3633,34.3267,35.29
40,0,19.7,18.89,20.39,45.09,44.59,44
150,20,21.39,21.1,20.79,43.045,41.4,42.09
50,0,20.89,20.3233,20.8567,43.7225,41.2,42.2
40,0,19.6,18.89,19.9633,43.79,43.5,44.79
50,0,19.89,19.3567,20.8567,42.09,40.7,41.9
50,0,21.6333,20.8567,21.5,41.4333,40.5,42.5
100,0,21.7,19.9843,20.84,33.4267,32.3271,35.995
100,10,20.6,18.7,20.1,33.79,34.59,35.2
190,0,20.6,19.5667,21.5,41.6933,39.4633,40.4667
390,20,20.39,19.39,20.4267,43.2667,43.3633,44.23
40,0,20.7,17.2,22.1,36.29,40.4,36.09
410,20,22.5,21.6,21.89,45.56,44.8633,44.73
60,0,21.1,23.3567,21.79,44,39.6567,40.5
70,0,22.5,20.0333,22.39,35.29,36.2,35.59
130,0,19.79,19.1,20.1333,38.7,38.1633,37.06
80,10,20.6,19.2,19.89,33.56,33.79,33.8267
60,0,21.2,18,22.5,39.4,44.09,39.06
100,0,21.7,20.8567,22.39,42.73,42.4333,39.1633
50,0,21.89,23.3267,23.1,41.79,39.2267,38.53
70,0,20.1,19.445,20.5,39.6633,39.6,38.5
50,0,21.89,20.5,24.5333,38.6567,37.6267,36.1333
50,20,20.7,19.8567,21.29,44.8633,42.26,42.6817
70,30,23.1,22.31,24.39,46.4633,46.138,40.9633
60,0,22.39,19.26,24,40.9,45.9,38.7
70,0,20.89,20.2,21.6667,42.9333,40.26,40.9667
50,0,19.4633,17.29,20.1,37.6633,40,37.3633
100,0,20,18.1933,20.2,34.29,36.7267,35.76
150,0,22.39,21.4633,25.3233,45.1333,43.6633,40.3267
120,0,21.29,20.5,22.1,43.23,42,41.545
680,0,20.29,19.6,20.5333,39.3333,38.36,40.3267
80,0,22.89,21.7,23.5,41.59,41.1633,39.5
60,20,22,21.4267,21.6455,44.56,42.8267,45.3873
50,0,20.89,19.0667,21.2,39.09,39.5,38.29
40,0,21.8233,19.4267,22,36.3267,37.79,35.7
120,0,21.2,21.39,22,41.9633,41.33,38.53
60,0,23.29,21.7,24.4267,41.29,41.6657,39.1567
40,0,20.7,18.89,21.8567,43.09,44.5,42.8633
50,0,22,19.79,23.4633,43.1633,44.7,40.8633
30,0,21,18.89,21,39.9,41.09,40.4667
70,0,22.5,22.89,23.29,41.4,38.2,39.2
330,10,23.6,22,23.79,41.3233,39.6225,39.09
60,0,20.79,20.8567,21.4267,35,33.2,34.9333
90,0,20.79,19.5333,19.79,33.3667,31.8,34.03
430,0,19.1,18.89,19.46,34.8333,33.59,35.9933
50,0,22.29,20.1,23.5,37.2,39.1267,37.79
60,20,22.39,21.1,22.1,43.195,43.53,42.29
50,0,25.39,26.2,26.2,47.23,43.134,43.59
120,10,17,16.2,17.39,44.1633,44.245,42.09
60,0,23.79,21.7,24.5,37.7,39.09,38.09
60,0,20.8567,19.1333,20.2,33.3633,33.76,34.7
50,0,22.79,21.29,21.6,32.8967,32.3567,34.79
50,0,20.2,17.29,22.1,34.4,37.59,35.1267
50,0,20.39,18.6286,20.6,38,39,37.8588
110,0,25.29,24.1667,26,46.6333,45.6933,42.73
40,0,20.1,19.5,19.7,44.7,44.09,43.9333
100,0,22.2,20.39,22.0667,36.8633,37.6267,35.53
50,0,23.29,21.2,23.79,35.73,36.9,36.79
110,10,22,19.7,22.89,42.76,43.76,39.7
60,0,20.5667,19.79,21,42.26,40.09,40.3267
40,0,20.1,18.2,20.4633,36.59,37.23,37.26
180,0,21.39,19.5667,21.5,37.99,37.5967,38.59
100,0,23.79,23,24.3233,39.76,37.925,37.6333
130,0,23.0333,22.5,23.2,37.2,35.29,36.4667
240,0,23.6,22,23.73,42.3667,39.6633,38.9333
50,0,18.7,17.89,19.6,46.1633,46.2,44.59
110,0,20.79,20.5,20.2,44.2233,43.06,44.79
110,0,23.1,23,23.2,37.99,33.9267,35.7
50,0,19.7,17.29,20.0333,37.2,39.8267,38.8267
40,0,21.39,18.8567,21.39,37.4,39.7,37.4333
40,0,21.29,17.79,23.3233,39.4,44.56,38
40,0,21,19.2,21.2,39,39.26,38.2
370,0,22.1,21.79,22.3233,39.1667,37.3333,38.73
30,0,17.89,17.1,18.9175,45.06,45.2667,42.425
630,0,21.39,20.39,20.89,42.1,38.09,39.76
60,0,22,19.79,23.7,42.4,45.59,40.2
80,20,21.4267,19.76,20.89,38.73,39.8633,38.09
50,0,20.7,20,20.2,46.2,44.4333,45.5
130,0,20.3233,19.76,19.8233,40.9,34.46,36.03
40,0,18.6,17.6333,19.4267,43.29,44.03,42.7
70,30,24.89,22.76,25.76,44.79,45.3267,42.1633
50,0,19.89,18,21,36.09,37.3633,36
60,0,21.1,18.5,21.79,39,42.9,37.4
50,0,22.6,20.2,22.79,39.59,42,39.4
50,0,18.76,18.1,19.79,42.23,41.5,43.2
60,0,24,24.29,23.5,31.0667,27.8567,33.79
80,10,20.89,20.1,21.7,44.3633,44,44.29
160,0,22.7,21.2,22.6,35.53,36.2,35.09
60,0,21.6667,18.8567,22.8567,40.4667,44.3633,39.4667
280,10,20.6667,19.6,21.26,40.2667,40.0267,45.3967
80,20,21.29,18.2,22.89,41.76,46.6333,38.59
260,0,25.2,28.5,28.1114,48.8633,38.76,44.3714
190,0,20.0333,19.2,19.9633,45.5,44.1267,44.7
60,0,20.6,18.7,20.79,35,35.73,36.4
40,0,20.4267,18.79,20.29,40.5667,40.29,40.5
70,0,21.5,22.73,22,39.7,37.6333,37.59
60,0,19.8233,19.2,19.7,46.06,44.8633,44.59
110,0,21.0333,18.3233,22.23,40.6667,45.0667,38.4333
500,0,19.7,18.89,19.89,45.59,44.23,44.9
60,0,22,18.89,22.9267,38.2,43,37.8267
60,0,21.89,22.7,23,41.9633,38.73,38.79
40,0,20.79,18.29,21,35.7,37,35.7
60,0,21.29,19.3233,21.79,37.6567,39.53,36.76
50,0,21,18.39,21.89,40.29,44.1267,38.2
260,0,20.29,18.1667,20.6,38.6633,40.2,39.1633
40,10,21.39,20.79,20.2,44.56,43.8633,45.6633
100,0,22.7,21.2,22.6,38.3333,37.06,35.9
240,10,20.39,19.29,21.76,39.4667,38.29,39.7
20,0,18,17.1667,19.1,43.7,44.29,42
220,0,22.1,21.1667,22.4267,43.7267,42.2667,41.36
60,10,19.6667,17.5,20,35.9,38,38.2
600,20,21.29,19.6333,22.23,33.4667,32.5667,33.89
280,10,21.26,19.39,20.89,42.5967,40.6233,36.1
50,0,18.39,17.4267,19.1,43.09,43.8267,42.3633
40,0,19.9633,19.29,20.5,45.4667,44.7,44.2
370,10,20.26,19.2,20.79,39.0667,37.845,37.79
100,20,21.5,19.79,20.8233,41,41.0267,41.1567
70,10,19.79,18.89,19.8233,36.7667,36.9233,35.9333
70,20,20.5,17.89,20.9267,38.5,40.9333,37
330,10,21.29,19.6,22.3567,33.0667,32.4333,34.1633
270,0,19.6,18.7,21.1714,37.26,36.7,37.5643
50,0,21.39,18.6,22.1333,39.73,43.79,38.3267
40,0,21,20.1,21.7,44.2,43.845,44.29
50,0,22.39,22.6,22.39,38.5,36.6267,37.9
230,0,25.5,25.89,25.29,36.9333,31.1233,36.09
60,0,22.1,20.0333,22.1,38.9667,38.4,37.3633
60,0,22.1,19.5,22.79,39.09,42.56,38.9
370,0,21.2,18.6725,22.2,36.73,40.2475,34.9
110,20,21.5,19.7,20.8233,38.9667,39.9,38.1267
40,0,19.2,18.5,19.79,44.09,43.9,44.6633
50,0,23.1,20.7,25.29,39.7,41.312,37.59
110,0,22,20.26,21.89,41.1633,42.73,38.4333
60,0,22.1,18.39,23.29,37.5,42.4,37.5
60,0,21.29,19.79,20.2,32.06,31.9567,34.4
50,0,21.39,18.4633,23.0667,38.6633,43.3267,37.09
80,0,23.39,21.3567,22.7,36.4667,37.9,36.1267
80,10,23,21.29,23.7,34.9667,33.5,33.23
440,20,20.7,18.89,21.79,39.4633,41.23,35.73
70,10,24,23,23.6,34.03,32.995,34.9333
310,0,20.6,17.395,21,35.9,40.45,34.4333
40,0,22.79,20.5,22.1,38.6267,40.9333,37.59
70,20,21.2,18.6,22,39.79,43.5,38.09
270,0,22.0333,21.1633,22.5,40.3633,41.1933,38.4
90,0,22.6,22.7,23.315,41.3267,38.23,39.1725
50,0,19.79,17.29,21,38,41,37.5
80,0,19.2,18.7,18,41.79,41.29,43.79
80,0,22.1,20.79,20.89,37.26,37,38.59
440,20,20.6,19.5667,21.1333,40.4,40.4333,46.1233
50,0,20.1333,18.4267,19.79,33.79,34.59,36.29
60,0,22.7,19.7,23.39,39.5,44,39.5
40,10,21,20.1,21.39,48.1633,47.53,46.5
50,0,21.29,20.7,22.29,45.8267,44,45.29
110,10,21.29,19.26,21.6,39.43,40.2,36.8267
90,0,23.34,21.5,24.8233,45.645,47.23,40.6267
470,0,22.7,22.5,23.29,41.53,38.9333,39.2
60,0,22.26,19.3233,22.7,35.7,37.6333,35.73
430,0,22.29,20.1,25.2,46.09,49.3267,40.59
60,0,23,20.5333,23.39,34.59,35.9667,36.7
60,0,20.1,17.2,22.1,34.5,37.7,35.2
50,10,21.39,20.5,21.7,47.09,47.1633,46.7
50,0,21.1,20.3233,21.2,40.29,39.2,42.7
790,0,22.39,22.39,25,45.5633,42.9667,41.4333
290,20,20.9267,19.7,23.1667,38.1,36.9667,38
140,0,25.3233,25,26.4267,48.1567,46.29,42.79
210,0,23.7,27.39,25.1667,39.6933,32.618,37.43
120,0,23.89,23.7386,24.6,40.79,37.8286,38.09
50,0,23.39,22.2,24.39,41.5,41.2,38.9
70,20,22.79,20.89,25.9267,42.3333,42.9667,41.1967
50,0,21.5,19.5,22.39,40.5675,43.6267,38.03
60,0,24.79,22.8471,26,47,49.3986,43.48
30,0,20.6667,20,20.26,44.1633,43.59,43.6333
30,0,20.2,18.0333,22.2,36.9,39.4333,34
100,20,21.1,19.5667,20.76,40.35,40.43,41.4333
40,0,18.89,18.29,19.89,42.1633,41.4,43.23
60,0,23.29,21.23,23.79,35.7,36.79,36.7
20,0,21,20.4267,22.23,45.79,43.9,45.1567
60,0,22,20.1,22.7,36.2,37.3633,34.4
50,0,20,17.73,20.4633,35.645,37.2,35.0267
90,0,19.6,18.5,19.79,38.86,39.5267,37.5
50,0,22.3567,25.6333,23.2,38.9,31.7633,37.7
70,0,21.29,19,22.1,38.9,42.2,37.4
50,0,21.1,18.29,23.1,41.3633,44.7,39.59
80,0,22.7,20.7,22.79,41.5,43.3633,39.5
50,0,19.6333,17.29,20.1,37.2,39.8267,38.8267
60,0,24.39,22.6,25.7,39.09,40.1633,38.8633
50,0,20.6,18.6,20.79,37.59,39.1633,39.5
30,0,19.89,17.2,20.89,37.3267,40.7,38
40,0,19.6,17.39,20.1,37.7,40,37.29
30,0,19.6333,18.6,19.0667,38.9333,39.1633,38.9667
60,0,22.5667,19.9267,22.89,35.2,36.5667,35.4333
90,20,22,19.89,21,36.3633,36.4667,36.9
60,0,20.89,18.6333,22.6,33.59,34.59,35.06
40,0,20.2,18.5,19.79,33.79,34.59,36.378
80,20,22,20.23,21.3233,37.5,38.09,38.4233
30,0,20.79,19,20.29,41,41.1633,41.79
60,0,23,23.39,23.0333,34.9667,31.6667,35.3267
50,0,24.1,22.29,25.39,47.7,49.7667,42.59
70,0,23,21.6333,23.1,42.2,43.0667,39.5
130,0,21.29,18.9633,22.89,40.3633,44.6267,37.29
60,10,20.6333,17.5,21.6,36.6267,40.53,35
160,30,21.79,20.5667,21.79,38.6567,38.4333,37.4667
80,0,21.0429,20.29,20.79,39.1571,37.5643,38.2771
50,0,19.39,18.8233,20.6,42.09,41.23,44.23
110,30,23.5,23,24.29,34.9,32.834,34.718
270,0,22.6,22.0333,24.3933,44.93,41.7967,39.6
40,0,22.79,20.2,23.5,34.59,36.4,37
50,0,23.1,20.4633,23.1667,38.2,40.7,38.59
50,0,20.89,20.1,20.4633,36.5,35.5,36.76
40,0,19.2,18,19,39.7,40.29,39.5675
50,0,23.26,22.39,21.5667,40.09,39.6633,43
60,10,21.7,19.0667,21.7,37.79,39.8633,36.4667
40,0,19.29,18.1,19.6,41.29,41.56,40.59
60,0,22.5,24.6,23.1,42.1633,36.8633,39.2
140,30,22.075,20.89,20.9633,38.32,37.5267,39.1633
70,0,25.5333,26.196,26.2,48.3333,44.532,44.28
50,0,22.1,21.79,21.9022,44.9667,43.59,44.4611
80,0,25.1,27.2,25,32.5,27.0514,36.2675
50,0,23.29,20.4267,23.7,39.6933,42.4567,37.7
30,0,21.4267,19.5,20.6,37.79,38.59,38.59
60,10,22.6,19.73,22.5,39.2233,40.76,38.06
60,0,21.6,18.7,22.6,35.26,38.26,34.4667
40,0,20.29,19.29,20.89,42.5,42.09,44.29
50,0,21.1667,18.6,20.8233,36.09,37.2,35.2667
110,0,22.89,21.4267,24.2,44.53,43.89,38.73
70,0,20.7,19.1,20.1,33.76,34.06,35.2
50,20,21.7,20.3233,21.5,43.4333,44.09,42.4
50,0,21.7,20,20.76,37.4667,36.8267,38.4
90,10,19.6667,18.8233,20.29,52.0333,47.7267,44.0267
80,20,20.5,19.7,20.39,43.7233,43.23,44.09
40,10,21.5,18.6,21.39,35.5,37.5,34.9
60,0,21.7225,18.89,22.9267,39.2975,43.4,39.09
50,0,24.29,22.7,25.89,39.4667,39.7667,36.79
50,0,20.1333,18.2,21.16,36.23,37.4667,36.2
110,0,23.5,22.6571,24.18,34.6567,32.5514,34.054
50,0,25.1,27.39,26.2,38.845,31.9633,38.29
170,0,26.1,27.6333,28.2771,45.1567,38.7667,40.6114
90,10,24.79,25.1,24.2,35.5,32.1933,36
100,0,23.39,21.29,23.39,38.73,39.8633,38.56
50,0,20.1333,18.6,20.5,37.7,38.26,36.7
110,0,22.2,22.4633,23.89,37.8633,35.73,35.4
40,0,19.7,19,19.89,46.09,45.5,45.1267
100,0,21.2,20.39,21.6,44.93,42.7,43.76
90,0,22.6,23.7,22.89,35.59,31.0667,35.4333
100,0,21.8567,20.93,22.5,40.5,41.6333,38.3267
340,0,21.0667,18.79,22.76,37.6667,38.9333,37.0633
120,10,23.6,23.29,24.3233,43.09,40.44,39.1267
130,0,23,21.1,22.79,44.5267,41.6425,36.8633
50,0,24.79,23.1286,26,47,49.0957,43.4
40,0,23.29,21.6,24.29,38.53,38.09,36.254
50,0,22.5333,20,23.1,35.29,37.2,36.8633
30,0,22.7,20.29,22,36.29,38.6567,35.8267
40,0,19.2,18.39,18.79,38.7,38.2,39.79
30,0,23.1,25,22.9633,28.2933,22.7233,32.1933
60,0,23.6,23.2,24.73,44.79,42.5,40.79
60,0,21.29,20.5,22.29,42.29,41.7,43.6867
690,10,22.5333,22.0667,22.39,45.0267,39.79,41.93
60,0,21.79,20.29,23,44.5,46.3633,41.76
110,0,23.5,21.5,23.5,39.09,39.73,38.53
70,20,20.2,18.39,20.7,39.23,39.7233,38.6633
350,0,20.39,17.1,20.79,39.9,46.23,38.1267
100,10,21.39,19.29,21.79,38.4986,39.4,37.09
50,10,21.5,18.9267,22.6,40.5,44.23,38.23
70,0,21.89,21,21,39.4667,38.79,41.29
230,0,20.1,18.2,20.26,39.4333,40.2,39
140,0,22.0333,22.0333,23.1,44.3633,41.33,38.9
50,0,22.39,21.4633,22.6667,39.29,38.5,38.3633
60,0,21.7,18,23.2,37.3633,42.9333,37.7
40,0,21,17.7,20.2,35.7,39.09,36.4667
90,10,21.5667,19.6,20.39,35.4,37,35.59
30,0,20.0667,18.2,20.2,36.1633,37.4,38.2
40,10,19.29,18.79,19.5,44.7967,44,44
60,0,24.2,21.89,26.29,47.7,50.2,44.7
30,0,19.5,19,21.2,42,40.93,45.5967
110,0,20.39,17.1667,20.76,40.5267,46.29,38.1633
80,0,22.6,21.7,24.1,39.76,38.73,37.345
120,0,21.39,18.6,22.89,39.795,44.56,37.2
40,0,22.4267,21.73,21.6333,43.3267,43,44.79
60,0,21.4267,23.7633,22.5,36.79,32.9233,34.59
50,0,20.6333,19.7,20.1,35.03,34.73,35.3267
40,0,21,20.29,21.89,45.3633,43.7,44.4
400,10,21.5,19.2,21.1,41.79,45.6267,39.2
60,0,24.6,21.89,24.29,38,40.0643,32.23
50,0,23,24.6967,24.2,40.4,37.3933,36.98
110,0,25.29,23.9633,26,45.59,44.79,42.56
60,0,23.29,23.39,24.5,46.6633,43.86,41.79
250,10,19.6,19.1333,19.2,41.59,40.9,42.8633
50,0,17.89,17.1,19,44.5,44.8267,42.26
100,20,20.1,18.8567,20.5,40.06,41.1633,38.75
90,20,23,21,24.39,43,45,39.4
210,10,21.79,21.23,21.7,63.36,43.2333,47.2
90,0,22.89,21.5333,24.2,45.8667,44.29,38.5
30,0,22.2,19.6,23,36.9,39.56,36.9
60,0,21.39,18.39,23.7,41.4,45.5,39.59
60,0,21.76,18.29,23.73,39.79,45.09,38.4
100,0,21.5,20.3567,21.1,39.6633,39.6267,39.29
90,0,22.1,21.8233,22.39,45.8633,43.4633,43.6883
120,0,21,20.23,21.5,35.2,33.3267,34.79
110,10,20.7,19.4633,20.4267,42.93,42.5,41.5667
80,0,21.89,20.1,22.6,36.3633,37.6633,34.2
120,10,20.1,18.9633,18.5667,43.6933,36.9,39.6633
40,0,19,18.39,19.89,42.09,41.29,43.2
70,20,22.6,20.7,22.2,38.23,40.03,38.09
40,0,20.29,18.2,20.7,38.5,40.2,39.59
60,0,20.6,18.1,20.6,35.23,37,38.23
140,20,22.89,22.39,22.6,53.545,42.9667,45.3267
40,0,19.6,18.1333,19.76,41.03,41.7,40.59
120,10,21.6,20.3233,21,37.5667,37.9333,37.59
90,0,22.5,22.7,23.1,40.9,38.5,38.6633
90,0,21,20.2,21.29,35.29,34.4667,34.56
400,20,20.9267,19.2,20.7,40.9,40.45,41.4333
430,0,21.43,20.39,21.9633,44.86,42.0967,41.4
60,0,21.39,18.5,22.89,39.2,44.2233,37.06
90,0,22.6,20.6333,22.79,37.06,38.7967,36.9333
60,20,21.73,20.8233,22.39,47.8633,46.1633,45.03
40,0,19.39,18.1,19.1,40.29,40.4,39.5
50,0,20,19.1,20.2,43.7,44,44.4
100,20,21.39,19.7,20.8567,42.33,41.8267,41.6933
90,0,21.7,19,20.6,35.23,37.56,36.5
30,0,19.89,18,21,36.09,37.3633,36
60,0,25.0667,23.35,26.5,48,49,45.09
50,0,21.6,18.2,23.39,35.3267,39.23,35.4
70,20,18.4267,17.79,19.29,43.3267,42.23,42.4
40,0,20.89,20.29,20.39,44.2,43.4,43.56
50,0,21.2,18.29,22.3567,38.09,41.345,37.9
40,0,19.5,18.7,19.8567,46.23,46.1267,45.2
60,0,23.5,22.37,24.39,41.6267,41.076,38.79
20,0,20.29,19.6333,19.89,44.5,43.8267,43.7
110,0,22.79,20.6333,24.5333,44.3633,45.1567,40.2
40,0,19.5,18.29,19.79,41.29,41.5,40.7
70,0,19.4633,16.3233,20.0333,38.4,42.93,37.03
170,0,23.29,22.26,23.3233,34.43,31.9633,35.8267
80,0,21.4267,21.1,22.29,45.4,42.9333,40.09
50,0,21.6,18.89,22.2,37.4,40.2,37.3267
120,0,24.8923,25.1,26.4302,46.4091,42.4895,41.4124
70,10,23.5,24.2,23.26,34.53,30.23,33.9667
300,0,22.79,22.4267,25.93,41.7333,40.0267,40.86
30,0,19.89,19.2,20.5,45.5,44.9667,44.29
50,0,21.1,18.2,22.39,39.59,43.9,38.8633
80,0,22,20.76,23.7225,42.79,43.53,38.2
120,0,21.9633,20.6,23.0333,40.9,41.79,38.53
60,10,22.2,19.7,21.8233,37.3267,39.73,36.53
110,30,22.29,20.89,22.3233,40.1267,37.8633,37
50,0,19.89,16.6,20.29,36.9,41.4,37.56
40,0,21.76,19.29,22,38.59,40.09,37.2
50,20,17.79,16.79,18.2,37.8267,37.1633,38.8633
590,0,21.29,20.39,20.912,40.23,40.4,39.54
80,20,19.6,18.4633,19.79,38.59,39.73,37.5
50,0,20.6333,19.6,20.5,43.1267,43.26,44.5
30,10,23.7,22.39,24.5,41.4,40.7,38.5257
20,10,21.2,20.29,21.6,47.29,47.4,46.79
60,10,22.2386,20.39,20.79,37.0129,37.29,38
70,0,25.6,26.6,26.2,46.7,40.874,44.09
40,10,18.79,18.1,20,45,45,45.26
20,0,19.79,19,18.6,37.2,36.73,38.23
40,0,21.79,23.1,22.79,37.76,34.5,35.79
30,0,20.79,18.1,22.1,36.23,39.59,36.6633
60,0,22.2,20.39,23.5,41.73,43.8267,40
130,0,23.6,26.776,25.2,39.2,33.634,37.56
80,10,18.39,17.7,19.5,43.76,42.6267,43
470,0,21.89,21.89,24.1333,45.9667,44.49,42.6
130,20,23,22.39,22.6,44.3633,40.9333,43.7
820,0,22.5,21.23,25.0333,47.8667,45.6567,39.79
90,0,19.3567,19.025,19.26,45.4633,44.4725,43.93
40,0,18.7,18,19.7,46.29,46.5,44.59
100,20,21.7,21.1333,22.6667,41.59,40.3633,39.06
60,10,22.89,20.8471,24.6,42.79,44.7829,39.53
290,0,20.9267,19.29,21.9633,35.4333,33.56,35.7
150,20,22.1,20.1667,22.89,47.6,49.0333,39.6333
110,30,21.7,21.0667,22.5,41.03,39.99,38.7
300,0,21.39,20.2,23.2267,37.9,38.23,39.0267
70,0,20,18.1,21,38.4,39.9,40.5
50,0,22.2,20.29,23.5,41.4,43.53,39.76
60,0,21.5,18.79,22.29,38.73,42.045,39.09
70,0,21,19.3233,21.7,43.4,44.5,42.59
120,0,22,20.0333,22.39,38.59,39.3267,37.59
60,20,21.6,21,20.5,44.2,43.7,45.59
50,0,23.9633,21.04,24.1,34.9333,36.736,35.334
60,10,21.7,20.7,22.29,46.53,45.9,44.53
40,0,20.6,20,20.2,46.1267,44.5,45.4
300,0,23.838,25.1,26.134,49.692,43.6133,43.66
80,0,22.9633,25.5333,23.2,27.2333,21.76,30.6633
60,0,21,17.89,22,38.1633,42.1,36.56
90,0,20.73,19.1333,20.6,45.6933,42.23,41.23
30,0,19.5,18.9633,21.0667,42.1333,41.0667,44.99
50,0,22.2,21.89,22.5,39.73,38.4667,38.4
40,0,18.8567,17.89,19.6,43.7233,44.09,43.09
60,0,24.7,23.29,26.5,47.29,48.4667,41.834
50,0,23,20.39,24.39,40.79,43.9,39.2
120,10,19,17.6,18.73,38.9667,39.7233,38.7
30,0,17.79,17.1,18.4633,42.8633,42.5,43.59
30,0,17.79,16.745,18.1,40.7,41.2,40.09
50,0,20.29,17.7,20.9633,35.59,37.6267,36.03
50,0,24.6,23.9175,26.2,38.4,36.295,37.7
100,0,21,20,21.29,34.9667,34.2,34.4333
20,0,21.79,19.1667,22.26,37.4,40,37.2
130,0,22.9633,21.2,23.1,38.6667,38.2,35.76
50,0,21.6,20,20.7,37.5,36.9,38.5
40,10,20.79,18.5,21,38.29,39.8267,40.1267
70,0,20.89,20.1,21.4267,44.79,43.195,43.4333
60,0,21.2,20.6,21.79,43.79,42.29,45.59
40,0,19.9267,17.5,20.7,37.9,40.26,39.9667
100,10,19.89,17.6,20.1,37.5,39.76,36.76
60,0,25.6,26.1,26.29,46.7,43.09,43.5
70,10,18.1,16.79,18.39,36.9,37.7,37.4333
420,0,19.7,17.5,20.43,38,39.1567,38.8633
40,0,21,19.1,21.2,39.045,39.3267,38.29
60,0,20.89,20.29,21.4633,36.23,35.0967,35.4
60,0,20.89,18,23,41,44.6267,39.59
40,0,18.0333,17.1,19.1,43.4333,44.2,41.9333
40,0,20.5,17.7,20.89,37.2,40.09,37.7
30,0,21.89,19.1,21.79,36.7,39.73,36.5
290,0,21.89,19.6,24.3267,44.86,47.9633,42.2967
110,20,22.73,21.5,23.1,43.9667,43.5,40.7
50,0,21.0667,17.79,21.5,35.5,38.29,35.09
50,0,20.4267,18.3233,20,35.6267,37.4,37.4143
60,0,25.2,26.39,26.2,37,31.6,37.754
50,0,21.1,19.5333,21.7,35.4,36.5,35.09
50,0,21.2,18.2,22.39,38.03,41.29,37.9
40,0,20.5,19.79,20,44.26,43.7,43.3267
70,0,22.79,21.39,23.2,37,37.1267,36.79
90,0,21,19.7,20.5,36.5,35.9667,37.23
100,0,21.7,21.0333,22.5,42.6567,42.1633,39.86
30,0,21,17.6,22.2,36.9633,41.8333,34.7
60,0,21.1,19.6,21.79,40.59,42.03,38.1267
30,10,19.5,16.7,20,39.2667,42.3,37.03
70,0,21,17.6,22.39,36.53,41.1633,34.79
260,0,23.39,21.7643,24.76,37.915,38.9571,38.26
30,0,19.79,17.9633,20.89,36.26,37.53,35.9
50,0,21.6,21.0667,21.39,40.06,39.09,41.53
50,0,21.29,22.3333,22.6,37.145,35.6967,34.5
80,0,22.29,20.89,21.3757,37.2,37.545,37.59
60,0,19.89,18,19.6,33.5,34.56,35.4
50,20,21.89,19.7,21.73,34.7,36.1633,34.7233
50,0,22.6333,21.7,22.89,37.6267,37.4667,37.9667
80,0,23.7,23.73,23.245,32.7333,29.99,34.745
60,0,22.3233,21.4267,21.5,41.2,40.29,42.59
50,0,21.39,18.7,22.39,39.4,43.2,38.3633
40,0,20.6,17.89,21.0333,37.2,40.03,37.6267
90,10,21.7,20.2,21.26,41.3267,41.86,40.6633
60,0,22.4214,21,21.3471,36.9286,37.4571,37.5
60,0,20.9633,20.26,22.39,43.8667,40.1267,44.9
30,0,18.5,17.39,18.89,38.76,38.53,39.6933
260,20,23.5,22.29,26.4633,49.03,47.7233,40.6
70,30,25.5,25.1,26.6,42.7,40.3267,39.2
60,0,24.6333,21.89,24.39,38.23,40.2386,32.4333
70,20,22.6,20.39,25.39,41.9,43.4633,40.59
30,0,20.1333,18.29,19.7,33.29,33.9333,35.2
60,0,21.9267,20.6667,23,44.5,45.6633,41.76
90,0,23.5,24.176,25,39.3633,37.32,37.79
80,0,22.1667,21.2,22.6557,41.36,40.1933,40.9071
140,0,20.1,16.79,20.39,38.6933,42.4,37.4
50,0,20.79,21,21.39,35,33.03,34.9
60,0,25.3233,24.29,26.7514,43.09,42.3267,39.6686
80,0,25.29,25.29,26.79,47.26,45.154,42.09
50,0,23.1,20.89,23.89,35.9333,37.59,37.1267
400,0,20.89,18.29,22.6,41.29,45.5,38.4
50,0,21.7,20.89,21.5,41.5,40.5,42.5
110,20,22.7,19.8567,22.79,37.76,40.86,35.6267
40,0,21.79,21.2,22.6333,45.53,43.8267,45.09
50,0,23.89,20.9686,24.1286,35.06,37.0257,35.3214
50,0,21.3233,18.79,21.39,37.4,39.7,37.5
80,10,21.39,20.79,21,45.03,43.8267,46.6633
70,10,25.1,27.272,25,32.6333,26.85,36.29
90,0,24.79,28.1714,24.89,32.7967,27.6429,36.4
40,0,23,20.2,23.1,38.09,40.79,38.59
110,20,21.79,20.4725,21.6,43.56,44.2675,42.4
70,0,22.6,21.6,23,39.06,39.36,38.6267
70,20,21.5,20.6,20.7,38.4,37.79,41.425
110,0,21.1,19.79,22.5,47.1267,47.1567,42.79
120,0,23.39,21.5,22.8567,36.79,37.73,35.9
40,0,21.8567,22.6,22.5,35.7,32.2,35.5
60,20,22.5333,20.89,23.1333,43.76,44.09,40.59
50,0,25.6,23.8567,25.9371,39.4,40.09,34.2657
50,0,21.39,18.3567,22.4633,38.53,42.2,38.9
100,0,24.6,24.9686,24.79,39.2633,33.9543,34.26
50,0,24.5673,23.8676,27.1065,51.3635,49.9944,45.3373
50,0,20.9267,19.89,20.39,43.2,43.29,44.29
60,0,24.89,22.254,24.89,39.03,41.156,33.5
50,0,21,18.1,22.39,39.7667,44.1567,38.8267
50,0,25.1667,25.64,26.7,47.29,43.9,42.09
390,10,21.89,21.2,20.5,41.73,40.9333,44.26
20,0,20.1,18.26,20.2,36.2,37.4,38.2
100,20,24.8127,24.7919,26.5615,47.5885,44.3236,42.3427
40,0,18.6667,17.89,18.1333,36.76,35.86,37.76
60,0,25.29,24.1,26.15,48.7,48.134,45
50,0,22.6,21.7,24.1667,38.9333,37.6633,36.5
60,0,19.7,18.3233,19.9843,34.1933,34.4333,36.09
80,10,22.29,20.1,22.2,36.2,38.0667,35
60,0,21.79,20,21.2,34.6633,35.1633,35.045
190,0,21.39,21.29,22.1,44.29,42.86,39.9667
80,0,23.0667,25.23,23.0333,27.43,22.3567,31.6233
60,0,22,19,22.8233,38.4333,42.7,37.53
180,20,18.5333,18.025,19.29,43.4,42.1175,42.4
50,0,20.1,17.29,20.76,37.2,40.5,37.7
250,0,23.29,22.6,24.0667,39.06,36.96,40.9233
110,0,21.23,19.7,22.2,39.99,39.3175,40
70,0,22.2,19.9267,23.5,37.09,39.29,37.8633
50,0,21.6,21.1,21.39,40,39.09,41.5
100,20,23.2,22.73,22.6,46.5,43.6633,44.9822
50,0,22.1,18.89,24.1,40.9,46.26,39.2
90,0,21.26,19.6,21.89,39.6633,40.79,37.5
50,50,21.7,20.7,22.3233,46.59,45.9633,44.3633
60,0,25.39,23.9843,26.39,49,48.8843,44.8633
50,0,24.79,23.7,25.4633,38.79,37.9333,37.9667
50,0,22.2,20.29,23.5,41.4,43.59,39.79
50,0,21.23,19.5,21.79,36.4,38.1567,36.29
110,30,23,22.39,22.39,44.2,42.59,44.3878
60,0,19.3567,18.675,18.6,38.79,38.2,39.7
70,20,22.6,20.5,22.5333,39,40.8633,38.09
340,10,24.4179,25.1,26.2969,47.8864,42.9952,42.4238
70,20,22,18.5,22.5,38.7,42.59,37.79
80,20,20.1,18.1,20.15,39.06,39.8633,39.345
70,0,17.39,16.39,17.89,36.6267,36.8267,37.4667
70,0,24.7,23.02,26.2,47.7,49.834,43
50,0,21.7,20.0333,23.1,44.59,46.73,41.79
420,0,22,20.2,22.79,42.8267,43.5,38.9667
90,0,22.5667,19.79,24.26,42.06,44.1933,39.26
50,30,23.29,22.73,23.79,42.2,41.1633,43
40,0,19.6,18.79,19.8233,46,45.9,45.23
110,0,21.39,22.36,22,39.4,38.2233,37.59
290,20,23.2,22.0111,22.4267,41.2267,39.0872,45.7
80,20,21.9267,20.7,23.2,42.56,43.59,39.2
40,0,19.5,17.4633,19.7,34,35.26,36
60,0,22.1,19.1,23.7,42.1333,46.2,38.8633
70,0,24.5,21.978,24,32.7,33.894,33.9667
340,0,22.2,21.7,21.79,45,42.53,43.9661
50,0,23.29,21.6714,24.29,38.53,38,36.2
50,0,23.1,21.5,24.89,45.29,46.9,42.09
270,10,21.6333,20.79,25.3233,37.3633,36.6333,39.26
50,0,23.26,21.6,24.5,41.26,41.79,39.4
60,0,23.1,21,23.4633,34.5,35.4667,36.4667
60,0,25.1,23.5286,26.39,48.09,48.79,45.2257
90,0,21.625,19.79,21.89,45.7225,44.2667,38.06
40,0,19,18.39,19.26,41.2,40.4,42.7
60,0,23.6,24.76,23.1,30.4,26.0667,32.7
50,0,21.9214,20,20.7225,36.4857,37,37.9
60,0,20.6,18.5,19.9371,35.5,37.29,37.29
70,0,20.5,19.8425,20.89,34.53,36.7425,34.09
90,0,23.39,21.6,24.89,45.9667,47.2,40.79
50,0,20,17.7,20.6,35.6267,37.4667,35.5
410,20,16.79,16.1,17.2,45.29,45.3633,42.59
50,0,19.79,17.39,20.1,37.29,39.79,38.9
90,0,22,21,23.6333,44.6933,41.6667,35.3933
70,0,21.39,20.7,22.5,43.5667,42.56,41.9667
140,10,16.89,16.2,17.3567,44.6633,44.4667,42.5
280,0,23.1,24.23,24.46,48.8633,46.46,43.6933
40,10,18.2,17.2,18.5,39.59,38.93,39.9
50,0,21.29,21.5333,22.29,41.23,40.1333,38.4
70,0,22.89,22.4,24.1,40.4,40.3667,37.09
50,0,20.79,20.29,20.9633,43.7,41.29,42.2
50,0,20.6,19.1667,21.79,38.03,37.7,36.79
90,0,20.7,19.6,20.6333,38.32,38.1267,39.29
150,0,19.79,18.1667,20.1,35.4333,35.53,35.73
70,10,22.0333,19.6,21.2,37.4333,39.8267,37.5
200,20,19.76,18.5667,19.7,36.9,36.06,36.4286
20,0,20.1,19.0667,20.3233,40.3633,38.4667,37.26
60,20,22.39,21.6,21.9878,44,43,44.2
50,0,20.7,17.84,20.1,37.9,40.645,38.09
30,0,19.89,19.39,20.0667,35.5,34.56,35.6333
80,0,21.79,20.39,22.79,38.7,40.59,37.2
60,10,21.26,18.1,23.0667,41.9667,47.1633,38.5
50,0,21,17.7,20.8567,37.5,40.59,37.76
90,10,24.8809,25.0486,26.4102,46.5398,42.7484,41.5109
40,0,21.7,19,22.89,37.2,40.09,37.1267
60,0,22.3567,19.79,22.39,39.2,41.59,38.9
60,0,24.29,22.89,25.9633,39.3267,39.4667,37.16
50,0,20.89,21.29,21.8567,37.09,35.7233,35.09
180,0,21.9633,21.39,21.89,39.26,37.6633,41.3267
50,0,21.39,23.89,22.0333,41.0333,34.84,36.9333
70,20,22.39,21.5,22,45.9333,45.2667,44.8975
80,0,17.6,16.5,18,36.3633,36.7,37.53
80,0,24.7,22.79,26.39,47.9,50,43.036
70,0,24.8233,27.7,26.2,39.7667,32.8725,37.59
30,0,21.4267,18.5,22.79,40.03,44.4,39.2
50,0,22.5,19.29,23.29,39.09,44.1633,39.5
70,0,23.5,22.85,24.6,36.8,35.5957,36.3214
60,30,21.4633,19.4267,21,39,39.79,39.3267
80,0,22.7,21.1333,21.6,32.4967,30.3933,34.06
50,0,23.23,20.6667,23.2,38.29,40.3633,38.59
70,0,21.5,18.9633,22.79,38.2,41.53,38.2
110,10,20.79,19.2,20.6,37.26,38.1633,36.3633
40,0,19.6,18.79,19.8233,45.09,44.2,44.6267
30,0,19.29,18.6,19.79,46.59,46.5,45.2
80,0,20.5333,19.1,21.2,42.53,43.4,41.26
20,0,20.1,19.29,20.5,45.1633,44.59,44.23
50,0,21.5,18.8233,22.39,39.1633,42.83,38.09
590,20,21.1,20.6,21.8567,43.8267,41.7,47.73
60,0,20.1333,18,20,35.7,37.59,37.6529
60,0,22,19.7225,22,39.5,42,38.29
60,0,20.7,19.39,21.76,38.4667,37.9,37.76
50,0,21.5,18.7,22.79,40.29,44.4333,39.29
60,0,20.79,17.79,23,40.79,44.7,39.53
210,20,23.2,22.79,22.5389,48.0933,43.7233,45.3172
470,10,21.39,21.0667,23,39.59,39.56,37.09
40,0,22.29,20.5571,20.8471,37.1786,37.29,37.9571
30,0,19.5,18.7,19.89,46.09,46.09,45.29
80,0,23,21.29,23.73,35.1633,33.6567,33.29
50,0,19.5,16.26,20.6,37,41.4,37.9333
40,0,20.79,18.89,21.6,43.23,46.2,39.7
90,0,19.29,18.7,19.29,40.6633,39.7,42.09
110,0,22,20,22.39,38.56,39.29,37.59
130,0,22.7,21.1,22.6,37.8,37.06,35.9
300,10,22.1333,21.89,22.6667,45.4,43.59,49.3633
130,0,22.39,22.1,22.7,43.7,41.93,41.2
80,0,21.1,19.6,23.26,40.09,39.7233,37.5267
40,0,22.1,19.1,22.6,35.8633,38.1267,35.8633
310,0,22.5333,22.1667,24.86,43.8667,40.8333,39.1567
40,0,21.0333,19.6,21.89,39.09,40.5,37.4
90,0,23,20.73,22.84,42.0633,41.9567,37.4475
150,10,16.89,16.2,17.29,44.56,44.4,42.3267
140,0,21,19,21.7,41.5567,38.1333,35.9
50,0,20,19,20.29,39.7,37.8333,36.9
430,10,20.1333,18.9267,19.76,41.9,42.7967,40.9967
350,0,22.1,22.34,24,38.4,36.4,35.4333
40,0,19.6,18.29,19.79,41.23,41.59,40.7
60,0,23.0333,21.3567,24.9633,45.59,47.4,42.26
40,0,20.76,19.1,20.245,40.53,40.4,40.245
70,10,21.7,19.1333,21.7,37.8267,39.9333,36.5
50,0,20.79,18.79,21,36.7,38.245,38.79
100,0,20.89,20.1,21.39,44.545,42.8633,43.5
30,0,21.5,20.9633,22.6,45.9,43.9,45.09
50,0,22.39,19.6,23.23,35.5,37.76,37.1267
50,0,24.1,22.39,25.39,47.7,49.4667,42.59
50,0,20.6,17.7,20.1,36.7,40.4333,36.73
60,0,21.23,20.5,21.6,45.3633,43.06,43.79
80,20,21.89,19.39,23.5333,42.1267,46.2,38.4667
390,10,22.4967,21.5594,21.1933,43.1933,38.9033,43.7233
20,0,19.6,17.2,20.1,37.2,39.79,38.59
50,0,23,20.3233,24.15,41.2,44.3633,38.345
120,0,25.6,25.1,26.2,49.06,46.6686,45.3371
90,0,22.1,20.0667,22.7,36.1633,37.59,34.5
40,0,18.6,17.26,19.0667,40.5,40.9667,39.8633
140,0,25.39,25.26,25.39,37.56,35.3667,36.4333
230,0,19.5,18.53,19.8233,38,39.63,36.9333
30,0,17.945,17.1333,19,44.2,44.59,42.1267
50,0,20.6,18.6,19.89,35.5,37.23,37.2386
80,20,22.73,22,22.39,27.86,26.03,34.6267
70,20,23.7,22.745,23.6,45.29,43.79,44.7
30,0,20.2,17.7,20.89,35.5,37.8633,36.09
160,0,20.2,19.29,20.39,43.9233,41.3333,41.3267
50,10,22.8233,21.4267,23.5,41.7933,41.9633,39.4
100,0,22.7,20.29,24.39,43.4633,44.79,39.59
40,0,21.39,20.7,22.7,43.29,42.1267,42.2
40,0,20.4267,18.79,19.89,34.3267,34.925,36.59
140,20,21.0333,20.7,21,44.5267,42.0967,42.6267
50,0,21.89,19.6,23.76,42.5,45.8633,40.09
70,0,24.5,22,24,32.5,33.476,33.9
80,10,20.7,21.8667,21.4633,35.9,33.6233,34.7
40,0,21.29,18.3233,22.2,37.2,40.6267,37.4
80,0,22,23.9,23.2,36.7667,33.85,34.79
90,0,21.1,21.445,21.865,40.0267,37.145,38.0925
60,0,25.1,27.4267,26.1714,39.03,31.9633,38.4
100,0,21.7,18.79,23.9633,41.3633,46.8633,39
70,0,22.5,19.39,23.3233,37.73,41.79,38.8633
70,0,22.84,21.6333,23.1,36.95,36.56,36.7
50,0,23.6,26.26,24.315,40.29,33.23,37.59
40,0,21.2,19.8567,20.7,36.7,36.79,37
40,0,19.8233,18.89,19.1,37.23,36.9,39.56
60,0,21,19.1,21.3233,40,41.4,40.9
40,0,21.3567,18.4633,20.39,35.3633,38.3633,36.79
100,20,21.5667,20.6,21.5,47.8667,45.29,43.7
110,0,19,17.0333,19.39,35.5,37,35.53
80,0,22,19.9267,22.29,38.5,39.3633,37.59
60,0,20.8233,18.79,20.79,38.03,38.9,39.73
60,0,20,17.7,20.5333,35.7,37.4,35.4333
50,0,21.1,19.4267,21.7,35.4,36.59,35
590,30,19.8567,18.7,18.4267,47.6633,34.1,37.8333
230,0,20.0333,18.5,20.6,38.1267,38.9667,37.23
90,0,23.2,24,24.29,41.7,38.23,39.5
90,10,21.1,19.89,20.1,35.6633,36.06,36.5
50,0,22.7,20.6,24.89,39.2,39.3267,36
300,0,22.6,20.3233,24.5667,40.26,43.2,38.53
140,0,22.9267,21.2,25.7,44.2667,45.03,39.83
50,10,21.7,20.29,22.1,44.2,44.4667,44
130,0,24.4491,23.4225,27.3688,53.1812,52.7248,46.7791
60,0,21.7,18.89,22.8567,40.5,44.3633,39.4667
60,0,20.7,17.1,22.0333,36.23,40.59,36.1267
40,0,20.1,19.29,20.5,45.2,44.7,44.23
60,0,21.29,18.23,22.2,39.23,43.2667,38
50,0,22.0333,20.2,20.865,34.23,35.3267,36.0675
60,30,21.79,20.89,23.1,46.23,46,46.1267
70,0,24.5036,23.6279,27.2477,52.3423,51.4646,46.1136
50,0,22.1,21.5333,23.5,41.6267,41.06,38.1267
110,0,22.2,20.6,22.2,39.6633,40.76,38
70,0,22.1,19.79,22.5,35.73,37.2,33.79
340,30,20.89,19.1,20.76,41.8,40.7233,42.06
30,0,21.6333,20.73,20.5,39.8267,39.5,41.9667
20,0,19.1,18.5,19.29,42.09,41.29,43.1267
100,20,20.2,18.4633,21.0667,40.9,41.59,40.09
90,0,21.29,18.7,22.5,39.9633,44.2,37.7
510,10,19.445,16.2,20.1333,38.45,43.0967,37.29
80,0,23.6,27.1257,25.2,39.2,33.3671,37.5
340,0,24.7809,24.6721,26.6322,48.0778,45.0587,42.7309
60,0,21.89,19.29,22.39,38.79,41.3633,38.9
90,0,20.89,19.6333,21.29,34.7,34.59,34.23
50,0,20.5,19.2,20,37.03,37.5,37.4
70,0,22.1,20.29,20.89,34.4333,35.5,36.1267
60,0,22.79,20.5,24.6,39.4,40.73,37.9
70,0,23.1333,22.5,21.7,42.8633,41.79,44.79
110,10,19.445,17,19.79,36.79,40.1633,36.59
60,0,20.29,19.5667,20.5,39.73,38.8633,40.2
80,20,20.89,20.2,21.815,42.3,41.02,40.79
70,0,21.5,18.2,23.23,36.3267,40,34.9267
60,0,24.89,28.9633,26.1,41.23,31.7233,38.6214
60,0,21.1,18.6667,22.2,41.4667,45.29,38.245
70,20,21.6,18.79,22.5,40.09,44.2225,38.29
40,10,20.6,18.79,21.5,43.59,45.3633,42.09
70,20,22.5,20.1333,21.89,37.29,39.3333,36.56
70,0,23.6,21.5,24.5,41.9,43.7,39.76
50,0,21.29,23.6667,22.0333,41.645,35.6333,36.86
60,0,24.4633,22.6667,25.7,39.06,39.7,38.79
60,0,21.5667,19.73,23.0333,44.56,46.59,41.6267
50,0,22.29,19.89,24.5667,41.79,44.1633,40
60,0,23.29,21.5143,24.2643,38.5,38.1971,36.29
190,0,19.6,17.89,20.1,36.59,38.2667,36.06
160,10,19.89,19.6,19,37.9,37.2,39.53
50,0,19.39,18.79,20.5,42.09,41.29,44.1633
60,30,20.7,19.39,21.39,44.7,45.59,42
50,0,21.89,23.5333,22.7,37.9,34.0267,35.9667
50,0,21,19.3567,20.2,33.06,33.3633,34.09
330,0,20.79,19.39,21.5,38.03,37.79,36.9
50,0,20.39,18.89,20.4633,37.3633,38.06,36.06
30,0,21.2,19.7,21.79,44.8267,45.1267,43.2
20,0,19.89,19.2,20.5,45.4,45,44.29
120,0,20.89,20.2,20.29,34.345,33.7,34.5
120,0,19.79,18.89,19.9633,39.1267,39.1333,39.6267
60,0,21.23,18.6,22.5,39.2267,43.4333,37.59
80,20,20.29,18.1,20.79,38.6567,40.13,36.29
120,0,23.1667,21.5,25.73,39.53,38.29,35.2
130,0,25.5,24.7,26.2,48.4,47.4414,45
100,0,24.7,24.0667,26.5667,52.1633,51.29,45.23
50,0,22.39,19.89,24.79,43.79,47.26,40.9667
60,30,21.89,20.7,21.79,38.2233,38.5267,37.23
190,30,22.1,21.7,22.1,50.1667,45.5667,46.79
70,0,21,20.2,20.3233,34.03,33.6567,34.6633
80,0,17.89,16.76,18.29,35.8633,37.2,37.5
300,0,21.4267,20.89,21.86,38.4667,36.4,38.39
50,0,19.8567,17.89,20.1,36.26,37.5267,38.2129
50,0,22.3233,23.3233,22.2,35.56,31.39,36.4333
80,0,20.29,18.1333,20.7,38.4333,40.26,39.59
40,0,23.2,21.7129,24.79,44.9,45.84,41.79
120,0,19.79,17.5,19.79,37,39.7233,36.59
300,10,22,20.79,22.5006,43.43,42.5667,47.3306
30,0,21.6,20.89,22.29,44.9,44.3267,45
60,10,21.39,18.79,21,35.83,37.53,35.23
90,30,22.39,22.1,22.1,47.1933,44.53,46.356
50,0,21.6,19.39,22.2225,38.5,41.2,37.3175
60,0,20.89,18.1,22.1,39.2,43,36.59
90,10,23.6,22.7771,24,37.3633,32.6057,34.44
30,0,22.73,24.39,23.26,37.76,32.6267,37.56
100,0,24.89,23.1,25.89,50.06,50.59,44.9333
40,0,21.79,19.1333,23,35,37.4667,36.79
80,20,25.1,23.3567,25.7,44.6267,44.5,41.79
450,0,26.1,26.39,29.0714,41.8267,38.06,37.9971
50,10,19.6,17.79,20.3233,41.0267,41.9633,40.7
60,0,19.7,17.89,20.29,41.06,41.9,40.7
40,0,20.0333,19.2,20.5,45.23,44.8633,44.4
120,10,22.79,21.23,22.7,37.76,37.03,36.9
50,0,20.89,17.89,21,35.6267,39.2,35.1267
50,0,24.6673,24.2441,26.8845,49.8255,47.6841,44.1173
110,20,20.6,18.79,20.1,33.73,34.4,35.2
90,0,25.4267,25.5,26.29,50.9633,47.5,46.3986
50,10,21.89,19.26,21.89,36.1267,38.59,35.7
70,0,23.5,24,24.39,40.23,36.7,38.29
130,0,20.29,20.23,20.5667,39.2,38,38.5
350,30,21.1667,20.29,22.945,44.9,42.845,43.045
750,10,21.5333,19.79,22.6,45.4667,47.6633,41.4633
60,0,20.39,17.6,20.89,37.09,40.09,37.6633
100,30,22.0667,20.5,22.2,40.3267,41.4633,38.1633
50,0,21.79,19.2,23.4267,42.7,44.73,40.53
100,20,22.6333,21.4267,22.29,43.23,43.6267,42.5
100,20,23.2,22.6333,22.5,45.1,43.1267,44.6022
20,0,21.5,19.5667,20.6,37.73,38.59,38.59
40,20,21.7,20.29,21.5,43.5,44.23,42.3267
40,0,19.1633,18.4267,18.29,36.8633,35.53,37.79
70,0,22.6,19.39,23.29,39.29,44.2,39.5
40,0,20.1,16.5,20.2,35.09,40.1633,37
440,0,22.79,22.1667,22.6,38.9667,38.73,38.29
210,10,21,19.2,20.9633,41.212,41.2,40.26
90,0,20.79,18.89,21.8233,38.6567,40.4633,35.4333
40,0,21.89,21,23.2,46.09,45.79,46.29
210,0,24,23.745,24.5667,41.6667,36.3038,37.06
130,0,20.1,19.93,20,37.8267,36.59,36.23
30,0,20,17.5667,21,38.2,41,37.23
50,10,21.29,20.1,20.79,36.7,37.06,36.6333
60,30,21.8567,21.29,21.6278,44.6633,42.79,45.4278
70,0,22.8233,21.6,23.5,41.53,41.2667,39.4333
40,0,22.3233,19.5667,22.79,35.4667,37.1267,35.7
60,10,20.29,18.2,20.7,38.0967,39.6267,39.73
50,0,21.2,18,21.89,38.26,42.1633,36.5
60,0,20.79,19,21.6,43.4,46.29,40.09
150,30,22.1,19.79,21.29,38.1333,39.2667,38.4333
40,10,23.2,21.39,24.2,38.56,38.3214,36.3529
130,20,20.39,18.1,20.2,41.6967,42,38.4
70,0,21.15,20.23,20.89,40.545,40.8633,39.378
60,0,24.29,22.79,26.3567,38.3267,38,38.29
80,0,22.5333,20.125,22.39,35.23,36.1725,35.53
80,0,21.5,21.1,21.7,46,44.8633,44.59
50,10,21.29,20.39,21.6,47.23,47.2,46.7
40,0,20,17.2,20.89,37.29,40.59,38
50,0,18.89,18.29,19.89,44.2,44,45.09
80,10,22.89,22.29,22.29,45.2,43.53,45.3633
40,0,18.39,17.5,18.5,38.79,38.79,39.29
50,0,20.6,18.6,19.89,35.5,37.29,37.29
40,10,18.6,17.5,18.89,39,38.3333,39.9
40,0,20.29,18.5,20.89,37.9,38.79,39.23
50,0,21.1667,18.5667,21.39,37.4,39.9,37.6267
60,0,22.0667,18.7,23.89,40.3633,45.2,38.79
660,20,21.5333,20.96,23,42.6933,39.89,37.09
60,0,20.89,17.89,23,41,44.73,39.59
50,0,19.89,16.5,20.29,36.8267,41.56,37.56
100,0,23.1,21.4267,25.6667,39.4,38.23,35.2
50,0,21.175,19.1333,21,40.1725,41.09,40.56
40,0,21.0333,18.7,21.1,37.26,38.6267,35.2
770,20,20.2,19.29,20.5,40.5,40.4333,39.1567
50,0,22.0667,19.1667,22.1,37.5,40.8633,36.79
100,0,21.2,19.2,22.3567,35.9,37.4,34.1267
110,20,22,20.7,23,41.09,41.79,38.7225
290,0,19.79,19.7,19.5,38.4933,33.9333,35.59
40,10,21.89,25.26,23.29,39.7,34.0967,37.59
100,0,22.1,20.23,21.73,39.76,41.4667,36.5
280,0,21.0667,19.8567,23.3567,38.79,38.4,36.3333
150,0,23.2,22.9633,23.2,38.1933,35.6267,36.3633
50,0,19.89,19.2,20.5,45.5,45,44.4
60,0,23.8233,25.7,24.39,40.09,33.9333,37.634
50,0,21.84,19.76,24.0667,42.745,45.43,39.7233
580,0,23.6,22.23,23.79,39.3633,38.36,38.8267
80,0,24.89,23.5667,26.1,51.5667,51.59,45.8633
80,0,19.5333,17.7,20.2,40.9333,42.0667,40.56
100,0,22.7,21.89,22.0286,39.9,39.6267,40.1214
210,20,20.39,19.6,22.4633,41.3,38.8633,40.89
30,0,21.1,17.89,22.23,38.36,42.56,37.0967
90,0,22.6667,20.29,23.1,35.4667,36.8633,35.5
50,0,21.29,20.4633,21.9878,46.2667,45.2,44.2128
100,10,20.0333,18.29,21.6333,44.0633,41.9567,39.6333
580,0,22.9267,20.9633,23.6,34.0667,33.09,32.8267
60,0,22.9633,23.39,23,35.03,31.5333,35.2
50,0,20.4267,18.6,20.18,35.9,36.79,37.9
40,0,19.79,19.15,20,43.79,43.345,44.7
50,0,20.6,18.8233,20.1,35.8267,36.6267,37.8057
60,0,21.1,19.5667,21.79,40.7,42.3267,38.23
80,10,20.1,18.26,20.2,39.56,40.2,39.06
150,0,20.76,19.2,20.0667,36.4967,33.96,33.7667
60,0,21.29,18.1,22.5,39.59,44.29,38.9
230,0,21.1,20,21.5,33.3,31.39,34.145
50,0,18.9633,18.1667,18.23,36.9,35.6267,37.73
60,0,24.1,22.0667,25.39,47.7,50.2,42.59
60,0,21.89,23.7,22.5,40.1267,35.73,38.7
120,30,23,22.1143,24.5,45.4,45.7386,40.4
60,0,24.5,27.26,26.1,39.1725,33.53,37.2
30,0,21.89,20.4267,23.1,44.5,46,41.79
50,0,21.7,20.73,21.39,42.3267,42.3633,43.59
50,0,19.7,18.5333,20.1,35.53,35.06,35.6267
50,0,20.79,19.7,21.79,36.8633,37.4667,35.09
50,0,20.26,19.6,20.1,35.2,34.53,35.4667
280,0,22.39,22.39,24.43,37.93,35.4,35.7233
80,0,22.0333,23.39,22.9633,38.9333,36.03,37.59
100,0,22.7,21.89,22.6,42.93,42.3267,43.9278
50,0,22.7,20.2,23.5,34.59,36.5,37
40,0,19,18.3233,19.29,34.9667,34.7233,35.29
40,0,19.79,17.89,19.6,33.59,34.79,35.5
50,0,20.8233,18.7,21,39.73,40.9667,40.4333
40,0,22.1,22,22.3233,38.59,36.2,36.79
60,0,23.1667,20.89,24.6667,41.23,43.334,39.1333
310,0,20.6,19.39,22.1,39.0667,38.2233,38.9267
60,20,22.9633,21.9214,24.39,44.1633,44.4286,39.76
60,0,21.6,18.5,22.1333,37.29,41.4667,36.9
70,10,21.1,20.4267,22.9572,45.1567,43.26,45.3439
110,0,19.89,19.26,20.4267,42.76,41.1633,41.4333
50,0,23.6667,21.5,24.6,37.76,39.2,38.2
60,50,19.89,19.2,19.79,45.7667,44.5,44.9
40,0,21.39,20.6,22.4267,45.29,44.79,44.9706
80,0,24.9267,24.9267,26.2,36.2233,33.3933,36.4286
20,0,23.5,21.73,23.7,35.3633,35.8633,35.76
80,10,21.79,19,22.5,35.29,37.7,34.09
60,20,19.2,18.6,19.39,44.06,43.1567,43.6267
140,30,22.29,21.39,21.9633,46.36,45.53,45.23
60,0,19.29,18.6,18.7,38.79,38.2,39.79
70,0,23.2,24.5,23.1,34.2,29.23,33.7
100,0,21.1,19.29,20.29,35.86,36.9,35.29
90,0,22.5,22.73,23.1,39.9667,37.56,38.29
110,0,21.79,19.5,22.7,39.4,42.2,37.5
320,0,20.5667,19.96,21.8267,39.9333,40.66,40.7
50,0,22.2,19.89,23.4267,37.8633,39.8,37.6567
60,0,21.7,18.89,23.5333,42.03,45.76,39.29
90,10,22.1,21.5667,21.23,40.95,39.79,42.9
50,0,22.1333,19.39,24.79,38.59,41.4,37.3633
190,0,24.5,23.3233,27.8567,53.6633,53.8333,47.4333
50,20,22.0333,20.79,21.89,44.53,44.4,44.06
40,0,18.8567,17.76,19,40.29,40.53,39.8267
110,0,20.79,19.1333,22.79,38.23,38.7,36.9
60,0,20.79,19.1667,21.79,43.2,44.6267,42.745
30,0,19.76,18.9267,19.89,46,45.59,45.2
80,0,21.79,19.9267,22.8567,38.59,41.3633,37.26
70,0,21.29,17.6,22.29,38.59,44,36.59
50,0,21.745,21.2,22.5,45.645,43.9,45.2233
60,0,25.1667,25.912,26.1,47.59,43.5,43.79
360,20,20.5,20.1,20.79,42.79,40.5667,41.09
130,0,24.89,24,26.2,52.93,52.89,45.9
30,0,21.23,19.7,21.79,35.8267,37.23,35.7
70,0,20.6,17.1,21.2,35.73,40.2,34.5
140,0,21.29,19.1333,22.89,40.4,44.43,37.29
90,0,21.39,19.79,21.1333,41,42.09,40.4667
60,0,22.6,20.2,24.7,44.09,47.09,40.79
60,0,21,17.79,21.1,35.3267,39.1633,35.2
50,0,22.29,19.7,22.39,39.2,41.59,38.8267
100,0,22.5,21.6667,25.5333,45.8633,43.59,40.59
320,10,21.5333,19.79,22.9267,45.8267,47.8,43.0667
50,0,21.2,19.8233,21.89,43.26,44.03,42.09
20,0,19,18,19.2,37.5,37.4,40.09
60,10,19.7,17.7,19.89,36.09,36.9333,37.5
20,0,20.6,18,22.5,33.79,36.06,35.2
30,0,20.29,17.89,20.89,38,39.8267,40.4
60,10,21.4267,21.1111,20.6,38.79,38.02,40.2
60,0,21.6,20.9633,22.5,39,37.9333,37.9333
50,0,21.23,18.73,20.1667,36.09,39.2233,36.4
50,0,21.89,22.9267,22.5,36,32.06,35.7
50,20,22.7,19.6,21.5,34.53,37.3633,35.29
50,0,21.79,19.2,23,38.29,41.5,38.3267
60,0,24.6,24,26.1333,38.4,35.9667,37.5
60,0,22.79,20.5,23.89,36.29,38.29,37.3633
30,0,20.0667,19.1333,19.89,43.8633,42.8633,44.76
60,0,24,22,24.39,37.9,39.06,37.6633
50,0,22.39,21.79,22.6,39.7,38.29,38.4
90,10,20.79,19.86,20.4633,42.9,42.5267,41.6633
40,0,21.29,18.5,22.1,40,44.03,38.4
130,10,23,22.39,23.29,45.53,40.2333,38.7233
50,0,20.2,17.39,20.1333,36.9,40,37.09
60,0,20.89,18.39,20.6,35.2,36.7,38
40,10,20.8043,18.89,21,36.59,38.1843,38.7
40,0,23.5,20.2,24.2,35.5,38.59,36.7
40,0,20.5,18.5333,20.79,35.09,35.79,36.53
80,0,24.6,22.29,24,32.26,32.5614,33.59
50,0,20.5,19.29,20,37,37.59,37.4333
80,0,22.39,20.89,21.5,40.2,41.23,40.7
160,40,20.2,18.39,20.5667,38.8633,39.9333,37.5667
50,0,22.6,21.6333,23.29,45.79,45.1267,45.59
140,20,22.5,20.79,22.2,37.09,38.1633,36.1267
40,0,21.7,19.5,22.23,38.5,40.8267,37.3267
30,0,20,18,20.6,35.09,36.09,36.7
40,0,22,18.5,21.6,35.2,39.26,35.7
110,30,21.4633,20.89,21.6,45.3333,44.79,42.9333
100,30,21.7,20.1,20.89,38.4333,39.1267,38.4333
100,20,22.3567,21.7,21.7,42.5,41,43.06
150,0,22.4267,20.79,23,43.4,44.7,39.09
290,0,20.2,18.76,21.53,45.03,41.09,43.0267
110,0,20.7,16.7225,21.445,35.7233,41.4475,35.145
130,0,23.1333,22.79,23.1,38.79,36.4,36.53
250,0,26.2,27.1333,28.52,43.5,38.2,39.476
50,0,21.79,19.5,22.7,39.56,42.29,37.5
110,0,23.79,22.9267,24.23,40.03,38.2833,37.8267
60,0,21.2,18.7,23.1333,41.56,45.1267,39.9667
60,0,21.6,18.89,22.1,39.7,43.8267,37.9333
110,10,17,16.2,17.39,43.9,44,41.9
120,0,21.6333,19.6,20.96,46.8933,41.76,40.06
50,0,23.1,20.7,25.3043,39.7,41.26,37.59
90,0,22.6,21.79,22.0429,39.9,39.73,40.1214
70,20,22.5,21.5,25,41.9633,41.03,36.8633
100,0,19.5,17,19.79,36.59,39.6633,36.79
40,0,21.6667,24.1,22.2,38.23,32.43,37.4333
100,0,21.3567,21.2,22.0667,43.53,41.9333,39.23
80,0,24.6,22.37,24,32.1267,31.93,33.56
50,0,21.39,18.89,23.1,41.79,45.2,39.8175
70,0,20.26,19.6333,20.4267,51.1,49.0967,45.6567
70,10,21.2,18.89,22,39.73,43.09,38
50,0,22.2,19.5,22.2,35.09,36.9667,35.7
70,10,21.65,20.7,20.79,38.69,38.1633,41.4
60,0,20.89,18.39,21.79,40.7667,44.5,38.1267
50,0,18.6,17.9633,19.7,42.4,41.7,43.2
30,0,21.2,20.5667,20.6,43.4,42.7,44.29
50,0,18.6,17.29,18.9267,38.9667,39.5,39.09
60,0,22.29,19.29,23.2,38.99,43.6267,39.2
50,10,21.1,19.7,21.7,44.53,44.79,43.01
290,0,22.79,21.8086,24.6,39.1333,39.21,37.29
60,0,22.39,21,21.4529,36.8725,37.2514,37.5514
70,10,20.7,17.5,21.6,36.4,40.4,34.7667
90,0,19.5,19.2267,19.89,37.9,38.7667,36.9
50,0,23.2,20.9843,24.4633,41.7,44.4,38.4667
360,0,21.39,20.26,20.8567,34.35,34.29,34.6633
40,10,17.79,16.79,18.1333,37.7,37.03,38.79
70,20,20.79,18.89,22,37.7,39.7,34.7
40,0,21.89,19.39,22.89,34.9,37.03,36.59
60,0,24.79,22.7,26.5333,47.09,49.29,44.5
130,10,20.8567,20.2,20.29,34.46,33.5667,34.3633
260,0,20.79,19.8567,21.7117,46.8267,42.6933,44.25
40,0,21.1,18.6,21.7,39,42.7,37.2
60,0,22.6,20.79,23.39,41.29,42.8633,39.79
100,10,22.79,21.8567,21.79,41.73,41.1633,42.9667
140,20,22.7,20.23,23.5,36.83,37.29,35.59
110,0,24.79,24.6667,24.6,37.9667,34.5267,36.79
40,0,21.2,18.79,22,38.9,42.5,37.2
60,0,20.8233,19.79,20.39,43.09,43.2,44.4
50,0,21.89,19.39,22.89,34.9,36.9667,36.53
100,0,24.8567,22.7,23.89,33.53,31.2671,32.9
150,0,24.4218,23.3198,27.4294,53.6006,53.3549,47.1118
80,0,21.7,22.3567,22.29,35.6933,32.73,34.9
120,0,19,17.6667,18.7,38.8267,39.6633,38.6633
30,0,20.8233,17.5,21.5,35.29,38.59,35.2
50,0,20,16.89,20.26,37.09,40.7,37.9
70,0,22.2,21.6333,21.1,42.53,41.5667,44.4633
40,0,20.79,19.8567,21.39,44.6567,42.6333,42.4111
40,0,20.8567,17.7,20.29,35.3633,39.2,36.9
80,10,22.79,20,22.39,37,39.9333,36.5
60,0,22.89,20.7,24.5,39.3633,39.9,37.7
50,0,21.89,19,22.2,35.59,37.4333,35.73
60,0,21.7,21,22.23,48.6633,46.23,46.6567
50,0,18,17.1667,19.1,43.5,44.2,42.03
60,0,21.2,19.6,21.7,35.5,36.59,35.29
40,10,19.39,16.2,20.5667,37.2233,41.6267,37.9
50,0,24.1,22,25.39,47.7,50.26,42.59
110,20,22.89,20.2,21.79,34.1633,36.09,35
100,0,25.1,24.5667,25.39,38.9667,37.6267,37.09
40,0,22.5,19.79,22.8567,35.29,36.56,35.56
50,0,23.5,21.5,24.6333,37.7,39.1843,38.23
90,0,22.7,21.79,24,39.26,37.79,36.5
30,0,19.89,18.9633,19.7,33.59,34.09,34.1633
690,20,21.39,20.86,23,39.59,39.56,37.1633
50,0,20.7,19.39,21.7,44.4267,44.9667,42
70,10,22.6,19.39,21.5,34.745,38.03,35.4
40,0,20.1,18.1,21,38.4333,39.9,40.4
230,0,20.79,18.1,21.6667,36.59,39.6633,35.3633
60,20,21.39,19.8567,21.39,43.79,43.93,42.23
260,0,24.4633,28.35,24.89,34.03,28.06,36.53
60,0,20.6,18.39,21.1,39.7,40.9,40.59
40,0,19.8233,17.39,21,38.03,40.9,37.3725
30,0,22.29,20.39,23.26,39.59,41.29,37.76
120,0,21.6,18.7,22.6,36.6567,40.06,36.23
140,10,22.26,20.6,24.79,50.8633,50.2633,41.79
90,0,25.7,26.29,25.2,31.23,28.475,35.9
50,0,20.79,17.29,20.2,35.5,39.7,36.76
50,0,21,20.9633,21.79,36.79,35.36,35.2
70,10,19,17.6,19.6,39.2,39.59,40.56
60,0,21.79,19.6,24.2,41.9,45.1633,40
90,0,20.1667,19.65,20.4267,39.59,39.27,38.4333
110,0,22.76,21.89,24.79,38.3333,36.3633,34.8633
300,40,24,23.1,24.2,47.05,44.36,45.79
20,0,22.79,22,21,40.09,39.1267,41.9
60,0,22.2,20.29,23.29,42.43,44.6933,39.7967
50,0,21.8233,19.6,22.5,38.5,40.2233,37.79
90,0,21,18.39,22.29,39.73,43.4,39.09
90,0,22.0667,21.5,20.6,41.8633,41.2,44.09
40,0,19.0667,17.6,19.6,39.2,39.59,40.5
120,0,21.39,20.6,22.3567,43.56,42.2,41.7
120,0,23.1,20.9267,22.89,46.5267,44.29,37.5
50,10,21.5,20.89,20.7,45.03,44.3267,45.79
120,10,21.1,19.5333,20.7,36.9667,37.03,37.59
320,0,24.4127,23.2856,27.4495,53.7405,53.5649,47.2227
20,0,18.89,18.2,20,44.79,44.7,45
60,0,23.29,23.23,23.29,37.09,33.9333,37.53
90,0,20.7,19.1,20.1,33.7,34.1633,35.09
70,0,22.29,20.0333,23.5,37.2,39.1267,37.79
70,0,22.39,21.7,22.6,42.5,40.59,43.29
50,0,21.79,19.1,23,42.76,46.4667,39.7
130,10,21.79,21.0667,22.0333,40.6633,39.8267,44.4333
70,0,23.1,22.6,24.4267,46.79,45.9,41.4333
50,0,21.5,19.2,22.5,37.2,38.3633,36.29
110,0,23.5,21.79,25.2,46.8333,47.4,40.79
50,0,19.5,16.29,20.2,37.2,41.1633,37.345
40,0,21.2,19.89,22.23,47.1567,47.06,42.6267
30,0,19.73,19,18.6,37.2,36.79,38.29
90,0,21.3233,21.0667,21.6222,43.5267,41.03,44.4222
370,0,22.2,22.3567,23.79,37.6567,35.49,35.1633
60,0,20.89,20.9333,21.6,43.6267,44.1333,40.1633
50,0,21.1,19.93,21.89,39.59,41.1933,36.9667
60,0,20.7,18,21.1,37.2,40,37.7
70,0,20.6,19.2,19.89,33.475,33.6567,33.6333
180,30,19.1,18.5,19.26,44.7233,43.76,43.6633
30,0,18.89,16.8567,20.29,37.9,40.09,37.9333
320,0,24.1,24.1,23.6,31.73,28.79,34.09
50,0,20.39,17.6,22.29,34.09,36.79,35.2
50,10,20.79,18.5,21,38.29,39.9,40.09
90,0,20.79,18,21.73,37,40.29,35.7
50,0,23.39,21,24.5,41.29,43.7,39.5
100,10,22.0333,20.23,21.39,38.6333,38.29,38.7
260,10,23.6,22.9267,25,45.5425,42.3267,45.3267
50,0,20.5667,19.5,19.8233,34.3267,34.4,34.6267
70,20,24.89,29.2,27.3043,48.2,38.23,42.4571
50,0,21.79,23.7933,23.39,39.59,36.8,37.5
110,10,20.9633,19.1333,20.6,43.86,43.2233,42.0667
80,0,22.7,22.1,22.6,39.23,38.8633,38.3633
50,0,22.2,22.23,22.2,37.2,35.5,36.4
60,0,21.7,18.89,22.39,38.79,42.59,38.23
100,0,19.79,17.86,21.8567,38.23,39.7,38.1
50,0,23.6,22.6,21.2,39.09,39,43.4667
80,0,23.2,23.9633,24.2,41.9,38.4667,39.5
70,0,21,19.79,22.79,38.2957,37.5814,37.0286
60,20,22.7,19.5,21.5,34.59,37.6267,35.29
50,0,22.2,19.7,22.2,39.09,41.4,38.7
80,0,25.5,25.5286,26.2,50.9667,48.3243,46.634
50,0,20.89,19.2,20.2,32.29,32.79,34.26
50,0,24.2,21.5,24,34.4667,35.7257,34.79
50,0,25.2,25.6,26.7,47.09,43.9,42.09
60,0,21.8233,22.76,23,42.2667,38.9333,38.76
390,10,19.6,19.2,19.39,38.8633,37.73,40.1267
90,10,22.1667,20.39,23.29,42,44.06,39.29
120,0,20.73,20.8567,22.23,40.5,39,39.4667
70,20,20.1333,17.6,20.84,35.59,37.8633,36.145
70,10,23,20.39,24.6,41.9,44.8633,38.4
50,0,23.7,22.79,21.2,39.56,39.4,43.26
100,20,21.79,20.7,21.79,38.2667,38.23,37.29
80,0,21.39,19.3233,21.29,36.1267,37.8633,34.9
300,20,19.1,17.9267,19.29,41.4667,41.86,40.29
20,0,18.3567,17.39,19.1,43.09,43.79,42.3633
50,0,22.2,19.1,24.0667,40.9,45.2,38.9667
350,0,22.5,21.2,22.79,42.5267,41.1267,38.36
50,0,21.2,19.4267,21.1,42.53,43,41.29
60,0,24.3567,22,26.26,47.9667,50.29,44.79
60,0,22.89,20.79,24.1,43.1267,45.09,39.2
90,10,23.7,23.3567,25.1,48.13,40.6333,43.6967
50,0,19.39,17.1,19.79,37.03,39.7,39.06
260,0,23.8907,25.1,26.1488,49.5279,43.5571,43.5476
60,20,21,20.1,21.5,45.03,43.76,43.79
50,0,25.5,26.236,26.29,46.9,42.9,43.5
70,0,22.3757,20.9686,21.4686,37.0386,37.29,37.6529
50,0,22.2,21.6,21,41.09,40.4,42.5
50,0,23.1,22.89,22.73,38.2,36.29,38.1633
40,0,19.9633,18.9267,19.89,43.9,43.09,44.9
100,20,22.79,21.39,22.7,37.79,37.1267,37.1267
40,0,21.29,18.23,21.29,35.79,37.8633,34.79
30,0,20.79,18.1667,20.1667,38.09,40.53,38.1633
260,20,20.0667,18.86,20.5,40,40.43,38.5
50,0,22.2,21.39,22.6,43.1333,42.03,43.9222
250,10,19.6,18.8233,20.86,40.79,38.1267,39.6267
40,0,20.39,18.2,21.2,39.56,41,40.59
60,0,23.1,22.89,22.73,38.2,36.29,38.1633
50,0,24.6,23.1,25.6333,38.79,38.79,38.59
60,0,19,18.2,18.7,38.7,38.29,40
50,0,22.5,19.39,22.5,38.9,41.59,38.09
90,0,19.39,16.89,19.79,36.73,39.9667,36.59
40,0,21,19,21,36.3214,37.9,38.59
50,10,21.29,18.1,23.1,41.9667,47.26,38.4333
70,0,21.5,24.4267,22.5,36.6633,31.8267,34.79
60,0,22.79,21.4267,23.1,36.9333,37,36.7
50,0,19.76,17.5667,20.1,37.79,40,37
40,0,20.7,21.2,21.5,35,32.5,34.9
50,0,22.1,19.6,24.29,41.5,44.29,39.59
40,10,21.79,19.8329,20.79,36.29,36.9,37.9286
50,0,23.6333,22.7,21.2,39.03,39.09,43.4
40,0,19.7,18.1,19.89,41.1633,41.79,40.79
70,0,23.5,24.1,24.39,40.6633,36.79,38.5
130,30,21.5,19.73,22.1,36,37.59,34.5
310,10,19.39,17.89,20,40.26,40.3,39.7233
60,0,21.29,19.29,21.79,37.09,39.03,36.4667
50,0,20.7,20,20.89,41.09,40.2,41.79
130,0,20.025,18.1,20.79,39.695,40.9667,39.678
60,0,22.29,21.4633,22.6,43.3267,42.09,44
20,0,18.79,17.89,19.6,43.7,44.1633,43.1633
110,10,23.3567,20.9633,25.6667,49.5667,42.1933,38.23
50,0,23.79,21.7,24.5,37.7,39.09,38.06
50,0,21.6,20.29,21.89,43.29,43.59,42
50,0,24.7225,23.4633,26.5,47.5225,48.26,42
50,10,22,21.1,21.6,41.79,41.5,43.5
50,0,22.89,21.1,25.0667,45.9,47.8267,42.2
40,0,19.89,19.2,20.5,45.5,45.03,44.4
50,0,20.675,19.9267,20.89,41.0675,40.2,41.8633
60,0,20.0667,18.76,20.6,38.99,39.93,38.9333
30,0,20.1333,18.5667,20.79,39.9,41.29,39
60,0,20.5,20.39,20.89,34.59,35.6933,34.09
200,0,23.79,23.29,23.39,32.2267,29.2633,34.59
60,0,22.26,21.39,21.5,41.29,40.4,42.7
40,0,22,21.3233,23.1,42.3267,41.2,42.8267
50,0,23.29,24.8233,24.39,41.59,36.09,38.7
30,0,21.55,20.8567,20.29,42.29,41.4667,44.2
80,20,21.7,21.1,22.5,40.26,39.2667,38.59
70,0,24.6,24.39,25.7,46.36,44.09,42.09
110,10,25.1,23.3929,23.76,39.9633,36.8543,32.46
110,0,22.39,21.8567,22.5,48.3633,41.26,42.0267
80,0,21.79,19.6,22.89,38.4,41.76,37.29
90,10,21.26,19.76,20.79,40.26,40.29,41.4667
70,0,21.5,18.8233,22.5,39.7,43.59,38.09
50,20,20.79,19.26,21.89,38.1567,39.36,34.9
50,0,22.39,19.29,23.39,37.7,42,38.8633
60,0,23.2,22.79,22.79,38,36.1175,38.09
50,0,21.4267,22.5967,22.39,39.3267,38.3333,36.56
40,0,20.29,17.39,22.29,34.29,37.29,35.2
50,0,21.89,21,23.1667,46.09,45.79,46.2
40,0,20.79,19.39,21,37.2,36.8633,36.79
100,0,22.5,23.2,22.23,35.23,31.3567,36.06
80,0,21.7,20.29,21,34.8333,34.5133,36.4
100,10,22.89,21.5,22.79,38.1267,37.4,37.23
50,0,24.6218,24.073,26.9854,50.5246,48.7342,44.6718
90,0,23.2,22.6,22.89,37.8333,36.2233,38.03
40,0,22.2,21.5,21.8233,43.4333,43.2,44.73
50,0,21.9633,18.79,24.1,40.9333,46.5,39.245
90,0,21.5,20.29,24.76,37.56,37.79,40.3
90,0,20.1,19.2,19.89,45.3267,43.7,44.79
370,0,22.8233,22.5,23.2,41.4333,37.86,38.26
80,0,23.7,22.6667,23.1667,33.23,31.29,35.06
60,0,22.9267,23.9333,24.1857,40.4,38.6,37.0129
30,0,21.29,22.3233,21.79,38.1633,36.99,36.5
240,10,22.1,20.1,23.6333,34.43,33.36,35.89
20,0,17.6,16.6,18,41.145,41.7,40.2
50,0,19.89,16.6,20.29,36.9,41.4,37.5
310,20,22.4633,21.6,21.89,45.59,44.9333,44.79
40,0,18,16.89,18.2,40.29,40.79,39.79
140,10,21,18.39,21.79,40.5,44.2,38
120,0,22.29,24.9967,23.4633,33.63,28.0567,34.09
50,0,19.6,17.39,20.1,37.7,39.9667,37.2
280,0,20.2,16.6,20.39,37.4633,42.7667,37.5
50,0,21.39,17.89,21.6,35.4,40.53,36.09
50,0,19.29,17.29,19.7,34.2,35.5,36.2
50,0,20.6,18.5,21,38.09,39.29,39.9
70,0,20.89,18.1,22.2,38.73,42.4667,36.4
40,0,20.1,19.23,20.5,45.2,44.8267,44.4
50,0,23.1,21.4633,24.89,45.4,47.2,42.2
80,10,21.79,19.2,23,42.23,45.7667,39.4333
40,20,21.39,19.7,21.1667,42.9333,43.36,41.3633
120,30,21.39,21.1,20.79,43.09,41.4667,42.1633
70,0,20.89,20.39,21.5,44.9,43.29,44.09
100,10,22.89,21.89,21.89,46.4,45.4667,46.79
50,0,22.2,20.1,23.4267,43.4667,44.7,40.8267
90,0,22.6,23.2,26.445,37.7,34.4667,38.44
80,0,18.5,17.39,18.76,38.7,38.4667,39.0667
30,0,19.4267,16.2,20.2,38.1567,42.9,37.3267
50,10,20.5333,18.2,20.89,38.09,39.7,40.23
60,0,21.7,19.2,22.1,40.53,45.3267,38
70,0,21.23,18.0667,22.7,35.23,39.1633,35.09
40,0,20.79,18.9267,20.89,37.4,38.06,38.79
70,10,20.7,20,21.29,42.59,40.4667,41.3267
30,0,22.2,20.0333,22.79,34.4333,35.9,36.2
80,20,21.76,20.4633,21.5,43.23,43.9667,42.4
60,0,21.29,18.29,21.29,35.79,37.79,34.79
140,0,22.4267,20.26,20.89,37.0267,37.8,36.59
100,0,23.5,22.6571,24.2643,36.6933,33.5543,35.4143
40,0,21,18.5,21.6667,40.5,44.2,38.1633
40,0,21.79,21.4633,21.89,45.5,44.29,44.5
80,0,19.3233,18.79,19.29,40.73,39.76,42
60,0,21.245,18.1,23.1,42.09,47.2,38.4667
210,10,19.7,19.29,19.29,38.5267,37.53,39.7667
60,0,21.29,19.29,20.6,37.9,38.26,38.7
60,0,24.5,22.2,26.29,48.3267,50.4,45.03
120,20,22.39,21.1333,21.945,42.6267,42.09,44.59
70,0,20.1,18.1,22,36.6267,37.7,37.9267
50,0,20.1,19.5,20.29,46.3633,44.79,45.59
150,10,20.6,20.1,20.29,33.5667,33.1233,33.59
50,0,21.1,20.29,22.3233,43.5267,40,44.4267
50,20,21.1,20.39,21.9267,45.7667,43.79,44.5
50,10,22,19.1,23.7,41.1267,45.1267,38.3267
50,0,22.39,22.7,22.29,38.6267,36.59,37.9
470,0,21.89,20.29,22.79,41.995,42.9667,38.9
50,0,21.39,18.5667,22.39,38.29,41.2,37.73
60,20,20.7,18.39,21.89,36.73,40.0267,34.4
110,0,22.2,21.6,22.7,44.79,44.56,41.9667
60,0,22.79,21.79,23.0667,39.5267,38.2233,37.9
30,20,22,20.6333,21.89,43.09,43.4,42
70,10,20.89,18,22.1667,36.79,40.6633,34.59
20,0,19.4267,18.7,19.79,45.23,44.9,44.4
50,0,21.945,19.2,24.6,38.145,41.29,37.29
60,0,20.2,17.1,20.29,36.9,41.09,37.4
100,20,22,20.6333,23.2,43.0267,43.53,39.29
50,0,21.79,19.1667,22.39,38.73,41.53,39
50,10,21.4267,18.4267,21.4633,35.53,37.59,34.9667
80,0,22.89,24.9267,22.89,33.745,28.1333,33.4
60,0,21.7,19.7,21.26,35.7725,36.2333,35.8333
120,0,21,20.2,21.5,34.59,32.73,34.79
80,0,22.6,21.9267,23,42.3933,40.2667,38.3633
50,0,24.7,23.39,26.58,47.5,48.2,41.92
40,0,21.29,18.89,22.1,39,42.4,37.29
40,0,21.5,19.2,22.2,38.7,41.73,37.29
400,0,23.5,22.6,24.14,36.7633,32.738,33.46
70,0,20.9267,19.7,21.1333,34.76,34.9,33.9
50,0,19.6,16.39,20.5,37,41.2,37.9
50,0,22.29,20.23,23.39,43.59,44.53,40.79
50,0,21.2,19.2,20.9057,36.09,37.4429,38.3686
100,0,21.0667,19.79,20.89,38,37.29,38.1633
50,0,21.5,22.6,21.89,38,35.79,36.59
80,0,22.3567,20.9633,22.6,35.9333,36.53,35.6267
90,10,20.7,22.26,21.39,35.8267,32.9567,34.7
40,0,19.5,18.0667,19.73,39,39.26,40.5
60,0,24.79,24,26.5,47.9,47.76,42.09
370,0,21.8233,21.0567,23,35.79,37.0933,35.1633
100,30,22,20.4267,22.2,40.5267,41.59,38.2
50,0,22,19.2,24.39,41.2,44.5,39.9
50,0,18.6,17.6,18.89,38.1933,37.9333,39.9
120,20,20.6667,19.39,20.4633,43.23,42.29,41.56
50,0,22.29,18.7,23.29,37.59,42,37.5
80,20,20.7,20.0667,20.5,43.6333,42.79,44.2
210,10,20.26,19.76,19.76,38.6333,34.1267,35.7
160,0,20.0333,18.39,20.29,39.0667,37,35.79
60,0,20.1,17.2,21.73,35.66,38.6333,34.1333
650,0,20.89,18.29,21.2,36.7,39.6633,36
50,0,21.79,18.2,21.5333,35.09,39.53,35.79
380,0,24.2597,25.1,26.2525,48.3789,43.1638,42.761
100,0,25.3567,24.6971,26.1487,48.5,46.9657,43.585
50,0,20.6,19.1667,20.89,35.4,35.26,36.03
70,0,21.0333,18.39,22.2,40.6267,43.9667,38.6633
70,0,22.89,27.1,23.7,38.29,30.79,36.53
70,10,21,18.39,22.29,40.1233,43.6267,38.9667
50,0,20.79,21.1,21.39,35,32.9,34.79
110,0,21.29,19.7,21.9633,39.3333,39.3633,39.76
50,0,21.5,19,22.6,39.09,42.4667,38.29
40,0,19.29,18.1,19.6,41.29,41.5,40.59
60,0,19,17.1667,19.39,37.9,39.53,37.29
50,0,20.79,17.7,23,40.3633,45.2,39.7
150,0,21.2,19.1,22.2,39.4667,42,37.59
240,0,22.89,22.1,22.2,43.6267,42.3267,44.025
310,0,20.8567,19.5,22.0667,40.4,38.76,39.4667
50,0,23.29,20.89,24.5667,41.2,43.79,39.5
90,0,22.39,22.2,22.6,42.9333,41.4,40.79
70,0,22.79,22.1,22.1611,43.5,42.4,44.09
40,10,23,21.0667,22.3567,38.09,39.23,37.59
60,0,25.6,24,26.2257,39.4,39.73,34.7643
80,0,20.7,17.5,21.6,36.4667,40.29,34.79
30,0,18.26,17.2,18.39,39.1633,39.59,39.5
60,20,20.79,18.6,22,37.09,40,34.5
60,0,21.6667,21.29,20.5333,38.9333,37.6628,40.29
50,0,17.89,17.1,19,44.56,44.9,42.26
370,0,22.1,20,23.76,41.2,44.06,39.1333
40,10,21.8567,21,21.73,47.06,46.545,46.4
50,0,22.26,22.5,22.1,37.2,35.4333,36.4333
90,0,18.3233,18,17.5667,45.43,44.1333,43.9667
50,0,21.5,20.6667,20.89,42.2,41.3633,44.7
60,0,20.3233,20.3567,20.6,39.1633,37.86,38.4667
70,0,21.5,18.2,23.1667,36.4667,40.2,34.56
80,0,20.9633,20.1667,21.29,35.4,34.5,34.7
60,30,22.89,22,23.23,45.4,44.4667,45.23
40,0,19.89,17.5,20.6333,37.8633,40.2233,39.5667
50,0,21.1,18.945,21,40.03,41.09,40.53
100,0,22.2,20.29,22,36.6567,37.4667,35.4
60,0,21.39,21.5333,21.3233,36.1567,32.93,34.1267
100,0,22.1,20,22.7,36.2,37.6633,34.5
620,0,22.7,22.4267,23.29,41.7233,39,39.2
30,0,19.7,18.9633,20,45.79,44.4333,44.9
310,0,26.26,25.7633,28.7,41.6233,37.39,36.254
80,0,22.5,23.5333,23.1,39.4333,35.8633,38
60,0,20.5333,19.3567,22.0333,39.5267,38.3633,39.26
70,0,24.79,25.1,24.2,35.1267,31.6633,36.1633
90,0,22.075,21.3,21.0333,40.045,38.9233,41.7233
100,0,21.89,20.4633,23,41.5,42.5,38.4
590,0,20.6975,19.3233,21.6333,35,33.3633,35.29
50,0,20.6,17.6,23,37.59,41.59,36.59
290,0,24.39,23.5843,24.39,35.8633,35.15,33.3333
310,0,22.2,20,23,37.7,39.76,36.7
120,20,22.1,19.5667,24.39,44.59,48.7,40.26
50,0,20.39,17.29,20.2,36.9,40.8633,37.045
40,0,21.7,20.5,20.39,34.79,34.245,35.79
270,0,22.89,22.76,27.1333,36.53,34.4,38.4667
30,0,21.2,18.1333,20.39,35.4,38.9667,36.9
40,0,20.89,21.1333,21.79,36.9667,35.7,35.045
90,0,19.7,17.6,20.26,36.29,38.56,35.76
50,0,24.89,23.245,26.5,44.29,45.6725,40.4
90,0,25.125,24.39,26,48.4,47.536,43.9
70,0,22.2,24.3567,22.6,35.79,30.4267,35.3267
370,10,21,20.1667,21.5,48.03,47.5,46.79
70,0,21.2,20.6,21.79,43.79,42.29,45.59
40,0,22.29,21.3567,20.7,40.2,39.56,41.9
230,0,20.9267,20.2,21.7633,42.39,39.93,45.59
50,0,22.1,21.23,21.8733,44.3267,43.53,44.275
50,0,20.9267,20.39,21.39,45.29,43.7,43.6267
60,0,21.79,19,22.39,38.7,42.4333,38.1267
110,10,21.89,20.6,23.1,41.59,42.5,38.4
60,20,21.5667,18.89,20.89,41.5,45.6267,38.9
50,0,21.4267,18.6,22.39,38.3267,41,37.76
110,0,25,24,23.4267,32.09,30.48,29.8
60,0,21.6,18.79,22.8567,35.9267,38.4967,36.9
30,0,20.5,19.6,20.9267,42.245,41.79,44.29
100,10,21.89,19.76,22.1,42.53,45.2933,39.56
100,0,24.1,23.6667,23.6,33.4,31.0667,34.5
60,0,21.1667,22.7633,22,39.0333,36.8633,35.9667
120,0,25.5,24.89,26.2,48.29,46.7771,45.0257
70,0,22.7,20.29,23.2,35.5667,36.73,35.5
90,20,20.4371,19.5,20.0625,38.8086,37.5,37.9625
100,10,22,19.29,22.39,35.5,37.4333,33.975
20,0,18.7,17.79,19.5,43.5,44.09,42.8267
110,0,22.1,21.29,22.39,38.26,36.3267,39.93
20,0,22.2,19.39,22.39,38.7,42.23,38
40,0,21.29,18.6,22.79,38.29,41.79,38.29
120,10,20.3233,18.89,20.5,41.26,41.4,39.8267
80,0,21.0333,19.5667,22.7,40.3633,39.6567,41.4967
50,0,21.79,19.1333,22,36.09,38.7,35.73
60,0,25.2,25.6,26.7,47.1267,43.9,42.09
340,0,23.26,26.7,23.79,38.1633,30.39,36.79
340,10,20.29,18.79,19.89,41.0267,39.6933,37.9667
60,0,21.79,20.1,22.7,36.4,37.9667,34.29
60,0,23.8233,21.84,24.5,37.79,39.145,37.95
50,0,19.2,17.5,20.5857,38.09,39.9667,37.5129
50,0,19.5667,19.3233,19.89,46.6633,45.4,44.79
130,20,20.89,18.39,20.39,37.8,41.06,37.4667
40,0,20.1667,17.3567,20.7,37.2,40.5,37.6267
40,0,20.5,19,20.79,35.2,35.09,35.6333
100,20,20.6,19.2,20.79,36.7,36.59,36.9667
50,0,21,18.29,22.6,37.7,40.4667,36.9
30,0,21,18,22,37.245,40,36.29
350,10,19.1667,17.7,18.9267,39.4667,40.1633,39.0567
70,20,20.1333,17.79,20.23,37.2,39.09,36.53
50,0,19.79,17.79,20.5,36.56,37.5,37.5
110,30,21.5,19.1333,21.1,41.6633,45.76,39.5
50,0,21.39,22.3567,22,39.7,37.4633,37.09
140,0,20.0667,19.1,19.89,45.3633,43.745,44.8633
360,10,18.2,16.79,18.6,37.7,38.3933,38.23
290,0,21.2,20.5,22.3567,42.3333,39.2967,44.53
60,0,22.7,20.4267,24.5,44.5,46.9333,40.4
80,0,20.26,19.29,20.5,44.1967,41.73,41.4667
80,0,21.73,18.89,22.5667,35.4333,37.9,34.26
120,0,22.7,20.29,23.26,35.8333,36.73,35.56
60,10,20.2,17.8567,21,39.9,41.7967,40.43
60,0,23.29,27.0333,24.254,40.4,33.09,37.356
30,0,21.5333,18.26,22.6,36.2,38.7,36
70,0,20.7,18.2,20.6,35.245,36.8725,38.1267
120,0,22.89,21.29,24.23,43.4667,43.6267,38.9
550,0,21.1,19.89,22.6633,33.76,31.73,37.5667
60,0,21.39,18.89,22.6,37.1267,38.9,36.4
80,0,22.5,26.5667,23.1,40.2933,29.7633,36
40,0,19.89,18,20.1,36.2,37.5,38.254
60,0,21.79,19.6667,20.5,34.8633,35.4,36.9667
100,10,23,21.7,23.1,41.9333,43.2,39.5
300,20,21.0333,20.3567,22.745,45.6233,43.23,45.46
60,0,21.2,18.1,23.0667,41.8267,47.09,38.3633
60,0,21.6,18.76,21.6333,36.9,40.09,36.59
100,0,22.1,20.7,23.6,42.4333,43.3267,38.29
50,0,24.1,21.79,25.39,47.8267,50.79,42.79
160,0,24,23.79,24.5,41.7667,35.238,36.8267
60,0,21.89,20.89,23.2,42.3633,43.03,39.73
50,0,21.39,18.29,22.5333,39.8633,44.29,38.9333
50,0,19.79,18.1,19.89,41.2,41.73,40.79
120,20,22.29,20.76,22.29,39.8267,37.7,37.09
60,0,21.7,20.03,23.1,41,43.09,38.29
60,0,24.29,22,26.26,47.9,50.2,44.76
50,10,21,18.73,20.9633,38.6267,39.73,39.9333
60,0,24.89,22.7257,26.6,47.5,49.29,43.79
60,0,21.4267,18.3233,22.2,37.4333,41.9,37
140,20,22.26,21.7,21.7,44.3633,43,44.93
110,0,23.1,20.6,22.6,37.2233,38.59,36.2
60,0,21,19.1667,21.7,41.2675,43.76,38.59
50,0,23.6,24,23.29,34.7667,30.8233,34.1267
70,10,21.89,20.9633,20.89,39.4,38.79,41.3633
70,0,22.5333,21.6,21.9878,44.86,42.7233,44.5
200,0,20.6,21.96,23,38.6633,36.43,35.26
70,30,21.73,20.1,20.9633,38.29,38.9333,38.4
50,0,22.0333,19.2,22.3233,38.6267,42.3633,38.09
70,0,20.39,20,20.1,43.9667,43.145,43.79
80,0,24.4264,23.3369,27.4193,53.5307,53.2499,47.0564
50,20,21.73,21.1667,21.6167,44.59,42.7,45.3372
50,0,21.245,18.7,23.2,41.645,45.2,39.9
60,0,20.79,19.1667,20.2,40.59,40.4,40.09
70,10,21.79,20,22.7,36.5,38.2,34.245
110,10,21.5667,19.39,23.2633,38.0267,36.75,34.9333
60,0,22.2,19.6333,21.89,37.5267,39.79,36.73
100,20,21.4633,20.89,21.6,45.2,44.76,43.06
40,0,19.7,19,19.8567,46.1267,45.4,45
330,20,21.2,20.6,21.5,47.29,46.3333,46.3267
50,0,20.1,18.2,20.6,35.2,36,36.59
50,0,21,19.2,21.7,41.2,43.7,38.59
60,0,22.23,19.1667,24.1,41.03,45.2,39.03
20,0,19.76,18.9175,19.89,46,45.7,45.1633
110,0,23.5,22.5,24.5,39.5333,33.97,35.856
50,0,20.79,19.0667,20.1,35.79,36.4667,37.736
30,0,20.5,18.7,20.2,35.9,36.7,37.9
110,0,22.29,20.6333,22.26,39.6267,40.8267,37.9667
80,10,22.29,20.5,22.2,39.59,41.4633,38.03
120,0,24.89,23.9633,26.29,53.3633,53.0267,45.9667
50,0,21.29,18.89,22.0333,39,42.5,37.23
100,10,22.6,20.79,26,43.6233,44.36,40.0567
60,0,21.2,18.39,22.1,36.09,39.03,36.59
570,0,21.26,20.89,21.5667,38.5267,36.2667,37.13
100,0,21.1,23.73,22.39,40.49,33.79,35
80,0,19,16.76,19.6,37.23,39.76,38.3267
70,0,24.39,26.9,26.1,38.9,34.3267,37
60,0,21.3233,19.29,22.6333,35.73,37.56,34.23
410,0,22.5,21.26,22.6667,40.43,39.1633,38.9
50,0,22.7,21,22.6,38.9333,39.6633,37.79
40,0,21.6,21,22.1,47.36,45.2233,46.3267
50,0,21.9633,21.3233,22.6,45.1267,43.8267,45.09
50,10,19.39,17.79,20,39.86,39.7667,39.3633
50,20,21.79,21.23,21.6889,44.59,42.73,45.4889
270,0,20.9267,19.5,22.26,40.3633,38.6267,39.4667
40,0,22,20.2,22.39,38.09,39.1267,37.5
80,10,22.89,20.6714,24.56,40.59,42.9429,37.2
60,0,21.79,19.2,22.89,37.09,39.9,37.09
250,0,20.7,19,20.2,33.76,35.1633,34.59
60,0,24.39,23,26.39,38.4,37.79,38.23
120,0,21.6667,19.4633,21.39,37.1633,39,35.73
50,0,20.79,20.2,21,43.59,41.2,42.09
50,0,19.79,17.2,20.6,38,41,37.09
120,0,22.4267,21.5333,25.39,45.4633,43.59,40.4667
620,0,22.2,19.6333,24,44.3633,48.5,39.9
60,0,25.7,24.1667,26.3486,39.4,39.4633,34.7957
280,0,21.39,19.89,22.6667,40.6333,38.4667,38.9
280,0,22.1333,19.76,24.7267,44.5267,48.2667,41.09
50,10,21.2,19.7,21.89,44.9,44.9667,43.5
90,0,21.79,19.5,23.73,42.5,46,40.09
130,0,22.1667,21.6,21.5,43.93,42.59,44.9
40,0,19.6,18.79,19.79,46,45.9,45.2
40,0,21.29,19.3233,21.9633,38.56,41.1933,36.9
80,0,23.4633,22.1286,24.39,38.1333,36.9714,35.7
50,0,25.1333,26.39,26.2,36.9333,31.6,37.7257
50,0,20.29,17.5,22.29,34.29,37.2,35.2
90,0,22.6,23.7,22.89,35.59,31.1633,35.5
50,10,21.5,22.5,22,39.7,37.1267,37.2
710,20,20.79,20,21.29,44.1267,42.6267,43.4
50,0,22.29,19.9267,24,41.5,44.8633,39.59
70,0,23.5,22.0667,23.1,33.79,33.03,35.4
80,20,21.4267,19.7,20.89,38.73,39.8633,38.09
340,10,22.6,21.1333,22.6667,42.39,40.36,38.8333
90,10,22.2,20.29,24.1667,42.6333,44.93,38.56
290,0,22.79,23.2,26.73,37.7,34.4,39.3633
120,10,22.76,21.4267,23.1,43.03,44.26,39.4333
50,0,20.7,18.25,21.625,37.09,40.525,35.4
60,0,22.1,18.7,23.23,35.2,38.79,34.6267
80,0,23.2,23.1333,23.6,42.6333,41,39.5
70,0,20.39,19.29,19.8567,38.1633,38.56,37.6633
50,0,23.4267,22.254,24.39,44.7233,44.272,40.8267
120,0,22.1333,22,23.89,38.1633,36.4333,35.56
70,0,20.5,20,20.79,42.1633,40.3633,41.09
50,0,20.2,17.3567,20.1667,36.9,40.09,37.09
50,0,22.1,19.5,22.79,39.09,42.5,38.9
60,0,24.6582,24.2099,26.9046,49.9654,47.8941,44.2282
340,0,19.6667,17.6,19.79,36.86,36.7,36.95
30,0,18.39,17.4267,18.5,38.79,38.79,39.29
50,0,22.4267,20.76,23.1,33.8267,33.6267,35.9
50,0,20.76,17.5,20.89,40.59,46.79,38.29
60,0,21.7,20,23.1,44.59,46.7,41.79
50,0,22.6,19.0333,23.29,37.79,42.0667,37.5
60,0,22.7,20.6333,24.89,39.2,39.29,36
50,0,24.39,22.1,26.29,48.09,50.4,44.9
90,0,22.7,21.7,24.1,40.3333,39.03,37.6633
110,0,25.4633,24.3567,26,48.3333,47.36,42.9333
20,0,21.29,18.76,20.9633,36.1567,37.59,35.26
40,0,20.5,20.3233,20.79,34.1333,33.3667,33.56
60,0,21.6,19.39,22.2,38.59,41.29,37.29
50,0,21.9633,19.23,22.89,39.09,42.9333,39
60,0,23,20.39,24.39,40.8633,43.9,39.2
40,0,21.79,19.6,22.2,41.9333,46.3333,38.5
40,0,20.79,19.5,21.89,43.59,44.7,42.236
170,0,22.79,22.5,27.1667,36.5,34.7,37.43
60,0,25.29,26.2,26.16,47.3267,43.356,43.7
130,20,22.89,20.29,21.8567,34.4667,36.29,35.1633
150,10,22.2,21,24.5,42.4667,41.9,38.4
90,0,21.39,19.7,20.89,38.6633,39.9667,38.1267
160,20,22.1,21.7,21.29,42.1633,41.03,43.53
100,10,22.89,22.5667,22.29,49.5267,44.26,46.9667
60,0,21.6333,20.89,22.5,39,37.79,37.9
50,0,20.7,20.43,21.89,37.09,37.7633,35.09
50,0,21.2,17.7,21.39,35.9633,40.36,35.76
60,0,20,19.1,19.89,44.4333,43.334,44.9
40,0,20.39,19.6,20.5667,40.6333,39.6267,39
70,0,22.2,20.6,20.6,34.09,34.09,35.6267
100,0,21.89,20.79,22.5,39.5,37.4633,36.5
50,10,22.29,19.79,21.8233,37.29,39.7,36.53
50,0,21.7,23.7,22.5667,40.8267,36.4633,38.59
120,0,21.6,21.0667,24.5333,42.6633,41.29,42.7667
60,20,22.39,21.3233,21.89,45,44.5,44.4
50,0,21.5,24.29,22.1,39.23,32.9667,37.2
70,0,22.5,21.5333,21.9633,44.43,42.59,44.555
210,0,22.2,20.29,24.3233,44.06,45.7267,41.4
60,10,20.79,20.2,22,44.29,42.56,45.93
60,0,22,21.2,22.65,41.9,40.45,43.345
100,0,22.6,22.6667,23.2,39.645,37.29,37.9667
100,10,22.6333,21.2,23.1667,39.6933,37.1967,35.3267
90,20,22.79,21.89,22,44.8333,40.9567,43.4667
70,0,22,19.5,23,40,43.645,39.06
270,10,21.89,19.5667,24.0667,44.5633,47.4,41.83
50,0,19.89,19,20.29,39.3267,37.03,36.6267
140,20,22.6333,20.89,22.2,37.09,38.2,36.09
50,0,24.6,27.8233,26.2,39.3633,32.6633,37.29
50,0,22.89,20.1333,24.6,41.53,45.2,38.7
70,20,19.79,19.1,20.1,47.4267,45.03,45.29
70,0,25.1,27.1,26.39,40.59,34.3267,37.79
360,0,18.1,17.29,18.1,37.06,36.26,38.56
60,0,21.5,22.5,22,39.59,36.9667,37.2
360,0,21.5,20.39,22.1633,44.2233,42.43,42.3233
50,0,21.7,19.6333,22.2,38.4,40.53,37.29
60,0,21.29,18.5667,22.29,39.5,43.4,38.4
60,10,22.7,19.79,23.2,37.9,41.3267,38.6633
60,10,21.39,18.79,22.39,40.43,44.8267,37.73
60,0,25.29,26.1,26.1429,47.4,43.5337,43.7129
70,0,22.79,20.6,23.89,37.2,38.86,36.9667
120,20,20.5,19.39,20.39,43.29,42.2,41.4
40,0,22.23,24.3233,23.1667,42.1267,37.26,39.1633
150,10,23,22.39,22.6,44.6933,41,43.76
50,0,22.2,21.2,22.39,40.3633,40,40.09
60,0,21.5,17.79,22.39,38.29,42.9,37.1267
50,0,21.6,21,23.1,42.5,41.4,43
50,0,22,19.445,22.1,37.4,39.79,37
90,20,20,17.7,20.1,37.29,39.6267,36.59
80,10,22.5667,22.1333,23.26,45.79,43.26,47.0633
80,0,22.29,26.3267,23.1,38.89,30.4933,35.6267
260,0,22.79,23.2,27.0333,37.4667,34.29,39.56
310,30,21.6,20.8567,21.6667,40.7,40.0267,45.0967
190,0,22.4267,21.89,22.6,44.2333,40.3,38.7233
120,0,22.5333,20.89,22.1667,39.9667,41.4333,38.5
60,0,20,16.39,20.1,35.03,40.23,36.9
80,0,22,20.6,23.2,42.26,43.6267,39.1267
30,10,21,19.6,20.2,33.5,33.9,34.4667
60,0,20.7,18.89,21.79,43.09,44.5,42.7
70,20,22.79,22.0333,22.1,43.5,42.4333,44.2
360,0,19.76,18.23,21.1333,41.6233,39.1967,39.6567
60,10,20,18.03,21.3233,34.73,37.1267,34.59
50,0,21.1667,20.1,21.79,40.09,40.73,37.8267
70,0,20.29,20.6,20.1,37.93,35.59,37.03
60,0,25.29,23.89,26.4267,48.9,49.09,44.76
60,0,22.5,20.1,24.7,44.09,47.1267,40.9333
100,30,22.8233,20.9933,21.7,31.9267,32.2967,33.6267
100,0,23.5,22.7,24.16,36.1667,33.36,34.856
20,0,20.29,16.79,20.39,35.03,39.9,37.09
70,0,21.29,18.1,22.7,35.2,39.09,35
50,0,22.0667,23.5,22.6,39.4333,35.3267,38.7
50,0,22,20.29,22.39,38.09,39.145,37.5
110,0,22.89,20.39,22.79,40.2,40.43,37.53
90,10,22.1,20.5,21.39,42.03,41.6633,41.2
40,0,21.6,20.79,22.39,44.9667,44.4,44.9
30,0,21.5,18.7,20.1,36,38.9,36.4667
30,10,19,17.4633,19.5,39.9333,40.5,40.09
50,0,20.39,17.89,20.89,35.5,37.53,36
70,20,25.5,24.89,26.6125,42.59,40.76,39.3725
100,0,20,18.36,19.754,34.1267,35,36.254
80,0,22.39,24,22.73,35.6633,30.7,35.4
40,0,22.2675,20.1,23.6667,41.975,44.9333,40.06
30,0,22.6,20.1,21.79,36.26,38.6267,35.9667
120,0,20.6,19.89,21,42.4333,40.7,40.8267
30,10,21.1333,18.9267,21.0667,39.03,40.03,39.79
60,0,19.6,16.39,20.5,37,41.2,37.9
100,20,21.5,19.8567,20.79,40.6633,40.9,41.1567
80,30,23.79,22.8233,23.89,45.5267,43.8267,45.4667
70,0,20.5333,20.7,20.1,36.26,34.3267,36.3633
60,0,23,20.5,24.6,40.79,43.7,39.29
50,0,20,19,20.2,43.7,44.03,44.4
70,0,21.6,19.7,22.625,45.2667,47.7175,41.425
60,30,22,20.29,21.39,37.5,38.09,38.09
100,20,21.5,20.745,21.6,46.86,44.79,43.2
70,10,20.1667,17.6667,20.5667,35.4333,37.1633,38.6267
180,0,22.3567,21.2,23.89,40.7667,40.86,36.3633
50,10,21.79,20.79,21.7,47,46.59,46.5
100,0,22.1,20.5,23.29,42.4333,44.1267,39.29
50,0,21.79,19.1,23.5,42.2,45.7,39.09
50,0,20.6,17,20.4633,36.29,41.4,37.2
30,0,20.9267,19.8567,20.2,34.8633,34.6633,35.23
80,20,22.29,21.7,21.8733,44.9333,43.09,45.575
50,0,21.1,19.7,21.89,43.4,44.29,42.09
230,0,26.0333,27.7,28.35,45.8233,38.9667,41.12
40,0,19.4267,18.6667,19.79,46.29,46.26,45.1267
50,0,19.7,18.29,19.79,39.09,39.2,40.4
20,0,18.1,17.1,19.1667,43.4,44.2,42.09
50,0,24.89,23.1,26.6,47.79,49.1057,44.79
70,0,20.79,19,20.1333,32.4333,33.1933,34.7
130,0,22.3233,20.2,25.2,46.09,49.26,40.53
20,0,17.5,16.5333,17.89,41.56,42.06,40.4333
50,0,20.29,16.6333,20.2,35.1633,40,37
50,20,20.5333,18,20.9633,38.29,40.79,37
50,0,20.5,18.7,21.4267,40.23,41.5,40.8267
60,0,20.79,18.9267,21.6,43.4,46.4,40.09
50,0,22.1,20.3567,23.5,41.3633,43.4333,39.7
90,0,21.39,19.1,22.39,39.09,42.4333,37.7
50,0,22.1,20.3567,23.4175,41.6267,43.59,39.3475
80,0,25.5333,26.1857,26.29,46.7,42.9986,43.5
480,0,20.1,18.76,19.7,41.8267,42.5267,40.59
50,0,18.6,17.7,19.39,43.4,44.1267,42.6267
50,0,21.6,22.5,22.1,39.09,36.6267,37.1633
50,0,21.39,18.245,22.39,38.5,42.345,38.8267
50,0,22.76,20.29,24.2,39.59,42.4333,36.8214
110,0,20.39,18.8233,20.6,35.26,35.53,35.1267
390,20,22,21.79,21,41.7,39.9,42.2
30,0,22.0667,18.7,23.23,35.1633,38.79,34.6567
150,0,22.5333,22.1,22.1333,44,42.9,44.1267
50,0,19.79,17.34,21,38,40.95,37.4
40,10,20.39,18.0667,20.89,38,39.76,40.29
50,0,20.89,18.1667,22.2,36.29,39.4333,36.7
40,0,21.29,20.5,21.6,45.6267,43.2,43.79
50,0,22.4633,21.6,21.5,41.06,39.9667,42.4333
90,0,25.4633,25.456,26.2,50.79,48.936,46.4657
30,0,21,19.6,20.2,33.5225,34,34.4
50,0,22.6667,23.1333,22.6,38.09,35.29,38.6633
60,0,19.89,19.2,19.79,42.79,42.3267,44.26
50,0,21.29,18.3567,20.39,35.29,38.3267,36.9
40,0,20.84,18.2,21.29,37.2,39.9667,37.9
110,40,22.6667,19.79,22.7,38.03,41.06,35.56
60,20,21.89,19.6,21.5,34.73,36.53,35.23
110,20,21.1667,20.6,21.445,45.5667,44.9,42.745
410,0,20,16.6,20.2,35,38.9,36.1633
60,0,20.79,19.2,20.5,36.76,37.59,35.9667
80,0,19.4633,18.9267,20.5667,33.2,31.46,33.9
50,0,20.79,19.89,20.79,42,41.7,44.59
30,0,18.76,17.6,19,40.5,40.6633,39.79
40,0,21.6,18.8233,21.1,38,39.9333,38
60,0,23.1,20.89,23.89,36,37.6633,37.2
40,0,22,18.6,23.23,35.09,38.8267,34.73
60,0,21.1,19.5667,21.76,43.5,44.3267,42.5
90,0,21.29,19.2,22.29,39.29,42.09,37.59
110,0,19.9633,19.29,19.6333,45.8633,44.6567,44.1267
50,0,24.5764,23.9018,27.0863,51.2237,49.7844,45.2264
70,0,21.79,19.6,22.89,39.2667,41.7,37.76
180,0,22.0667,20.6,22.89,36.59,37.43,36.73
80,0,20.29,19.89,19.89,43.7,43.09,44.1633
50,0,21.89,24.8233,22.6,36.4,30.23,35.2
50,0,21.2,18.93,23.5667,40.5,44.1333,37.9
30,0,20.89,17.6333,21.5,35.4,38.4333,35.2
50,0,22.6667,21.7,21.29,39.56,39.2,43.6267
30,0,22.1,21.79,21.9939,45.09,43.6267,44.5
40,0,17.79,17.1,18.5,42.79,42.4,43.59
80,0,24.8233,24.4633,26.1,36.7,34.5267,36.59
130,0,22.9267,22.29,22.5,43.33,40.73,43.4667
50,0,22.6333,20.5,24.8233,39.1267,39.5,36.09
50,0,21.7,20.29,22.0667,44.2,44.5,43.9667
50,0,22,20.79,23.39,41.5,42.09,38.29
130,10,22.3233,21.0333,21.9206,43.09,42.2,44.515
50,0,22.5,20.2,25.0333,42.4,43.93,40.4333
20,0,21.29,18.7,22.6,37.29,39.4,36.56
100,0,19.6967,18.2925,19.53,42.7233,42.27,40.1333
30,10,21.79,22.29,22.2,38.9667,36.4,36.9
120,20,21.1,19.26,21.79,42.7333,43.9,36.2
50,0,21.29,18.29,23.7,41.29,45.4,39.59
70,30,21.39,19.7,21.1,45.8233,44.03,41.06
80,0,22.29,21.9933,23.6,35.4633,34.3,35.5667
60,0,24.5082,23.645,27.2376,52.2724,51.3596,46.0582
50,0,19.79,16.6667,20.39,37,41.1633,38
70,0,21.39,20.76,22.5,41.56,39.9667,43.09
100,20,21.89,20.6,23,40.9333,41.76,38.545
350,0,21.1,20.29,23,44.56,42.73,42.59
100,0,23.175,23.1,24,35.4975,33.7,34.5671
100,0,22,21.1,20.9633,39.6267,38.1567,40.79
100,20,19.89,17.6,20.1,37.4333,39.7,36.7
130,0,21,19.5667,21.79,39,40.4,37.3267
60,0,23.79,20.7,24.2,35.09,37.5,35.59
60,0,20.89,17,21.7,35.5,41.7233,35.9
90,30,20.1667,18.39,20.89,40.59,41.4667,39.6633
150,0,21.73,19.5333,20.3567,36.26,38.43,36.2
60,0,20.89,20.1,21,41,40.29,41.79
50,0,19.23,17.5,20.5,38,39.79,37.5
80,0,18.89,17.39,20.58,39.53,41.5667,38.29
80,0,21,20.5833,20.5333,39.79,37.9778,40
130,0,23.39,22.3233,23.3567,34.7,32.09,35.7
100,0,21.8233,22.1633,23.1,51.9567,45.03,38.1933
140,0,23.2,22.26,22.9267,39.5667,37.9333,38.2
60,0,21.39,18.79,22.39,40.29,44.6333,37.6633
50,0,22.2,19.29,23.29,35.59,38.03,37.2
60,0,20.8567,17.76,22,35.4,38.7,36
70,0,20.6333,17.1,21.26,36.1967,40.2,34.7
50,0,22,20.0667,20.6667,34.1633,35.1267,36.2
120,10,16.89,16.2,17.39,44.29,44.29,42.1267
70,0,21.0333,19.8233,21.1,40.7,41.06,39.7
120,30,21.7,20.5,21,44.6667,39.73,41.26
90,0,20.89,17.89,21,35.6267,39.2,35.23
50,10,22.1667,19.7,21.5667,34.8267,36.9333,34.4333
70,0,21.5667,19.6,21.89,38.4,40.59,38
20,0,21.1,20.26,21.7,43.9,43.59,44
50,0,24,21.7,26.2,47.5,49.9,44.4
330,10,23.3567,22.79,24.3267,44.3333,42.23,46.7333
110,0,23.0333,21.7,23,40.1267,40.4667,38.9
330,0,24.3233,27.9933,26.29,42.06,34.56,38.29
60,0,22.73,20.7,25,39.23,39.23,36
40,0,21.6333,19.23,22.89,42.2667,45.4,39.59
60,0,21.8567,19.79,20.5,34.7,35.1267,36.6633
40,0,22.29,21.5667,21.79,43.4333,43.09,44.7
120,0,22.2,21.7,22.3233,35.9667,34.8267,36.8633
90,20,21.1,18.79,21.1667,37,38.3267,36.79
50,10,20.5,17.5,20.2,36.79,40.6267,36.79
50,0,24.39,23.1,26.39,38.5,37.79,38.2
110,0,22,20,22.2,37.3,38.4,35.3267
150,0,21.8925,21.4633,24.0333,42.24,40.73,41.9633
110,0,21.6,19.2,21.39,37,39.0643,36.7257
30,0,21.6,18.89,22.4633,38.7,41.79,39.06
80,0,20.29,19.89,19.79,44.2,43.4,43.79
40,0,22.39,19.29,23.29,38.9,43.9333,39.4
60,0,23.39,22,24.39,41.4,41.29,38.9
40,0,21.29,20.7,21.89,43.9,42.3267,45.59
70,20,23.29,22.39,23.29,44.9667,43.9,45
110,0,23.6,23.5,24.29,42.4333,38.8971,38.76
70,10,19.6333,19.29,19.5,45,44.1267,43.9333
100,0,23.39,23.33,24.2,34.73,32,34.32
70,0,20.7,19.29,21.5667,38.26,37.76,37.29
40,0,20.7,19.39,21.89,43.59,44.6267,42.2
